task_id,evidence_gap,source_report,metadata_path,run,strategy_id,symbol,market,research_topic,signal_to_validate,sample_period,cost_assumption,benchmark,status,dedupe_key
reportGapTask_e075e54ff090b224301e,CrossSourceValidation,/Users/linzezhang/Downloads/量化回测分析/2026-06-07/SampleBacktestReport_07062026.docx,/Users/linzezhang/Downloads/量化回测分析/2026-06-07/RunMetadata_07062026.json,RunMetadata_07062026,ma_crossover,AAPL,US,补齐报告证据：RunMetadata_07062026 / CrossSourceValidation,补跑多源交叉校验，比较至少两个可用真实数据源的关键价格。,使用原报告样本区间；缺失时覆盖完整市场周期并记录起止日期。,沿用原 RunMetadata 成本假设；缺失时补充佣金、滑点、冲击成本、汇率或申赎费用。,S&P 500,待验证,554bda3a926a58faf09410967981e4781752b8142848bbcdf2610930a6ae30dc
reportGapTask_4fd24767b189af18a488,ParameterStability,/Users/linzezhang/Downloads/量化回测分析/2026-06-07/SampleBacktestReport_07062026.docx,/Users/linzezhang/Downloads/量化回测分析/2026-06-07/RunMetadata_07062026.json,RunMetadata_07062026,ma_crossover,AAPL,US,补齐报告证据：RunMetadata_07062026 / ParameterStability,补跑参数稳定性扫描，检查结论是否依赖单一参数。,使用原报告样本区间；缺失时覆盖完整市场周期并记录起止日期。,沿用原 RunMetadata 成本假设；缺失时补充佣金、滑点、冲击成本、汇率或申赎费用。,S&P 500,待验证,5f54e07c13f9778bdad13b5b787c759edd6ef384d8da15862cf70b4d0846a962
reportGapTask_0c691618d33ec8d0db0a,TrainTestValidation,/Users/linzezhang/Downloads/量化回测分析/2026-06-07/SampleBacktestReport_07062026.docx,/Users/linzezhang/Downloads/量化回测分析/2026-06-07/RunMetadata_07062026.json,RunMetadata_07062026,ma_crossover,AAPL,US,补齐报告证据：RunMetadata_07062026 / TrainTestValidation,补跑样本内/样本外验证，确认训练和测试表现是否一致。,使用原报告样本区间；缺失时覆盖完整市场周期并记录起止日期。,沿用原 RunMetadata 成本假设；缺失时补充佣金、滑点、冲击成本、汇率或申赎费用。,S&P 500,待验证,5ca0308fe4f2c29cbee8266b802cdab95fbbf2c8c61bec9bc995eb4b8a5f07f6
reportGapTask_a5d66fdd1799fae49691,WalkForwardValidation,/Users/linzezhang/Downloads/量化回测分析/2026-06-07/SampleBacktestReport_07062026.docx,/Users/linzezhang/Downloads/量化回测分析/2026-06-07/RunMetadata_07062026.json,RunMetadata_07062026,ma_crossover,AAPL,US,补齐报告证据：RunMetadata_07062026 / WalkForwardValidation,补跑 walk-forward 验证，检查规律是否跨时间窗口稳定。,使用原报告样本区间；缺失时覆盖完整市场周期并记录起止日期。,沿用原 RunMetadata 成本假设；缺失时补充佣金、滑点、冲击成本、汇率或申赎费用。,S&P 500,待验证,2abbae557856b9bd08161af406b961019a0e7eb25f4b9190d9c32145fc9865f5
reportGapTask_ea31ffc51bd85726422d,DecisionQuality,/Users/linzezhang/Downloads/量化回测分析/2026-06-07/SampleBacktestReport_07062026.docx,/Users/linzezhang/Downloads/量化回测分析/2026-06-07/RunMetadata_07062026.json,RunMetadata_07062026,ma_crossover,AAPL,US,补齐报告证据：RunMetadata_07062026 / DecisionQuality,补齐 Decision Quality，包括 Thesis、证据、风险、反方观点和退出条件。,使用原报告样本区间；缺失时覆盖完整市场周期并记录起止日期。,沿用原 RunMetadata 成本假设；缺失时补充佣金、滑点、冲击成本、汇率或申赎费用。,S&P 500,待验证,02cf5877df01a10946d06f7979433e6576cf7285f1104e2adc411928fe67137e
reportGapTask_ecd9e79c97b8f0af187b,ReportEvidence,/Users/linzezhang/Downloads/量化回测分析/2026-06-04/BacktestReport7_04062026.docx,/Users/linzezhang/Downloads/量化回测分析/2026-06-04/RunMetadata7_04062026.json,RunMetadata7_04062026,ma_crossover,,,补齐报告证据：RunMetadata7_04062026 / ReportEvidence,重新导出包含 QuantLabReportEvidenceV1 的 Word 报告和 RunMetadata。,使用原报告样本区间；缺失时覆盖完整市场周期并记录起止日期。,沿用原 RunMetadata 成本假设；缺失时补充佣金、滑点、冲击成本、汇率或申赎费用。,按报告研究对象选择可复核基准,待验证,60c3898ed49cac0e1fe85b90f9be3decf61eb99b197e86f5f267860e64de1230
reportGapTask_cfa345814e7f20c54a87,DataQuality,/Users/linzezhang/Downloads/量化回测分析/2026-06-04/BacktestReport7_04062026.docx,/Users/linzezhang/Downloads/量化回测分析/2026-06-04/RunMetadata7_04062026.json,RunMetadata7_04062026,ma_crossover,,,补齐报告证据：RunMetadata7_04062026 / DataQuality,补跑并保存数据质量检查，确认数据源、时间区间、缺失值和异常值。,使用原报告样本区间；缺失时覆盖完整市场周期并记录起止日期。,沿用原 RunMetadata 成本假设；缺失时补充佣金、滑点、冲击成本、汇率或申赎费用。,按报告研究对象选择可复核基准,待验证,0d3bcdabd4ecd5302772d53d0f957a35b93a150a6d08a81935a353fbc64d8912
reportGapTask_9fb1c75bf25656524cff,CrossSourceValidation,/Users/linzezhang/Downloads/量化回测分析/2026-06-04/BacktestReport7_04062026.docx,/Users/linzezhang/Downloads/量化回测分析/2026-06-04/RunMetadata7_04062026.json,RunMetadata7_04062026,ma_crossover,,,补齐报告证据：RunMetadata7_04062026 / CrossSourceValidation,补跑多源交叉校验，比较至少两个可用真实数据源的关键价格。,使用原报告样本区间；缺失时覆盖完整市场周期并记录起止日期。,沿用原 RunMetadata 成本假设；缺失时补充佣金、滑点、冲击成本、汇率或申赎费用。,按报告研究对象选择可复核基准,待验证,0d86d8504be88e64d754d75e212f8ec911148a33e971a222a95c3a5e5008e74e
reportGapTask_5a4a5486501da671d753,ParameterStability,/Users/linzezhang/Downloads/量化回测分析/2026-06-04/BacktestReport7_04062026.docx,/Users/linzezhang/Downloads/量化回测分析/2026-06-04/RunMetadata7_04062026.json,RunMetadata7_04062026,ma_crossover,,,补齐报告证据：RunMetadata7_04062026 / ParameterStability,补跑参数稳定性扫描，检查结论是否依赖单一参数。,使用原报告样本区间；缺失时覆盖完整市场周期并记录起止日期。,沿用原 RunMetadata 成本假设；缺失时补充佣金、滑点、冲击成本、汇率或申赎费用。,按报告研究对象选择可复核基准,待验证,1c4c14e6ecb88467d3d6657ff571b13792a02ca35bd8ca925ec141098de43b76
reportGapTask_6d6d9dcf06cd82c50742,TrainTestValidation,/Users/linzezhang/Downloads/量化回测分析/2026-06-04/BacktestReport7_04062026.docx,/Users/linzezhang/Downloads/量化回测分析/2026-06-04/RunMetadata7_04062026.json,RunMetadata7_04062026,ma_crossover,,,补齐报告证据：RunMetadata7_04062026 / TrainTestValidation,补跑样本内/样本外验证，确认训练和测试表现是否一致。,使用原报告样本区间；缺失时覆盖完整市场周期并记录起止日期。,沿用原 RunMetadata 成本假设；缺失时补充佣金、滑点、冲击成本、汇率或申赎费用。,按报告研究对象选择可复核基准,待验证,768020bb9f31c27019a2dfc3fe79ce4feeaf5bf089e5e760eda18c4ce578e27b
reportGapTask_b88f9b7659eaa0aabfc1,WalkForwardValidation,/Users/linzezhang/Downloads/量化回测分析/2026-06-04/BacktestReport7_04062026.docx,/Users/linzezhang/Downloads/量化回测分析/2026-06-04/RunMetadata7_04062026.json,RunMetadata7_04062026,ma_crossover,,,补齐报告证据：RunMetadata7_04062026 / WalkForwardValidation,补跑 walk-forward 验证，检查规律是否跨时间窗口稳定。,使用原报告样本区间；缺失时覆盖完整市场周期并记录起止日期。,沿用原 RunMetadata 成本假设；缺失时补充佣金、滑点、冲击成本、汇率或申赎费用。,按报告研究对象选择可复核基准,待验证,29cb06c0eb7644ca788dbb86698eb82f6cd5af4e6d82f3cb3882e76b4783f6ff
reportGapTask_d6c4141b3e233af09415,DecisionQuality,/Users/linzezhang/Downloads/量化回测分析/2026-06-04/BacktestReport7_04062026.docx,/Users/linzezhang/Downloads/量化回测分析/2026-06-04/RunMetadata7_04062026.json,RunMetadata7_04062026,ma_crossover,,,补齐报告证据：RunMetadata7_04062026 / DecisionQuality,补齐 Decision Quality，包括 Thesis、证据、风险、反方观点和退出条件。,使用原报告样本区间；缺失时覆盖完整市场周期并记录起止日期。,沿用原 RunMetadata 成本假设；缺失时补充佣金、滑点、冲击成本、汇率或申赎费用。,按报告研究对象选择可复核基准,待验证,fef3fca87bc477db65cb7cbf4d22d5255aeb5e497c0ab1fdcc279c28488e9175
reportGapTask_0fa3947a87fc5dd01b6e,ReportEvidence,/Users/linzezhang/Downloads/量化回测分析/2026-06-04/BacktestReport7_04062026.docx,/Users/linzezhang/Downloads/量化回测分析/2026-06-04/RunMetadata6_04062026.json,RunMetadata6_04062026,alipay,,,补齐报告证据：RunMetadata6_04062026 / ReportEvidence,重新导出包含 QuantLabReportEvidenceV1 的 Word 报告和 RunMetadata。,使用原报告样本区间；缺失时覆盖完整市场周期并记录起止日期。,沿用原 RunMetadata 成本假设；缺失时补充佣金、滑点、冲击成本、汇率或申赎费用。,按报告研究对象选择可复核基准,待验证,564e7bab4a129dfc7473a97c6eb8c0fdfd91387ae6f4caceb39bb15df45c5e26
reportGapTask_466c0dc83f6bc9578725,DataQuality,/Users/linzezhang/Downloads/量化回测分析/2026-06-04/BacktestReport7_04062026.docx,/Users/linzezhang/Downloads/量化回测分析/2026-06-04/RunMetadata6_04062026.json,RunMetadata6_04062026,alipay,,,补齐报告证据：RunMetadata6_04062026 / DataQuality,补跑并保存数据质量检查，确认数据源、时间区间、缺失值和异常值。,使用原报告样本区间；缺失时覆盖完整市场周期并记录起止日期。,沿用原 RunMetadata 成本假设；缺失时补充佣金、滑点、冲击成本、汇率或申赎费用。,按报告研究对象选择可复核基准,待验证,394bb2b163fc875f150d33705df76e5fa9c425dee854043a3644ca4ffbce85f4
reportGapTask_64d067a9322c66ce6d10,CrossSourceValidation,/Users/linzezhang/Downloads/量化回测分析/2026-06-04/BacktestReport7_04062026.docx,/Users/linzezhang/Downloads/量化回测分析/2026-06-04/RunMetadata6_04062026.json,RunMetadata6_04062026,alipay,,,补齐报告证据：RunMetadata6_04062026 / CrossSourceValidation,补跑多源交叉校验，比较至少两个可用真实数据源的关键价格。,使用原报告样本区间；缺失时覆盖完整市场周期并记录起止日期。,沿用原 RunMetadata 成本假设；缺失时补充佣金、滑点、冲击成本、汇率或申赎费用。,按报告研究对象选择可复核基准,待验证,fe63df9ea1c6046220a8a2a1c278b8fb0a9c3629fa5d2e6d347d557ba73760fd
reportGapTask_fbe6e8a3418ff06c4d10,ParameterStability,/Users/linzezhang/Downloads/量化回测分析/2026-06-04/BacktestReport7_04062026.docx,/Users/linzezhang/Downloads/量化回测分析/2026-06-04/RunMetadata6_04062026.json,RunMetadata6_04062026,alipay,,,补齐报告证据：RunMetadata6_04062026 / ParameterStability,补跑参数稳定性扫描，检查结论是否依赖单一参数。,使用原报告样本区间；缺失时覆盖完整市场周期并记录起止日期。,沿用原 RunMetadata 成本假设；缺失时补充佣金、滑点、冲击成本、汇率或申赎费用。,按报告研究对象选择可复核基准,待验证,5817f136a912538c5dcc3f4eddc86fdf8c61dfc624aa7a90bd661607a7a7fd0d
reportGapTask_ae8182628ccd48833773,TrainTestValidation,/Users/linzezhang/Downloads/量化回测分析/2026-06-04/BacktestReport7_04062026.docx,/Users/linzezhang/Downloads/量化回测分析/2026-06-04/RunMetadata6_04062026.json,RunMetadata6_04062026,alipay,,,补齐报告证据：RunMetadata6_04062026 / TrainTestValidation,补跑样本内/样本外验证，确认训练和测试表现是否一致。,使用原报告样本区间；缺失时覆盖完整市场周期并记录起止日期。,沿用原 RunMetadata 成本假设；缺失时补充佣金、滑点、冲击成本、汇率或申赎费用。,按报告研究对象选择可复核基准,待验证,7ae8c76e90b5990d8c6be5c149f3dfbb4d1ab932419e0d2a797c247e4621d692
reportGapTask_6738e5606578cb22e668,WalkForwardValidation,/Users/linzezhang/Downloads/量化回测分析/2026-06-04/BacktestReport7_04062026.docx,/Users/linzezhang/Downloads/量化回测分析/2026-06-04/RunMetadata6_04062026.json,RunMetadata6_04062026,alipay,,,补齐报告证据：RunMetadata6_04062026 / WalkForwardValidation,补跑 walk-forward 验证，检查规律是否跨时间窗口稳定。,使用原报告样本区间；缺失时覆盖完整市场周期并记录起止日期。,沿用原 RunMetadata 成本假设；缺失时补充佣金、滑点、冲击成本、汇率或申赎费用。,按报告研究对象选择可复核基准,待验证,cbe50b3f376b9ea939c922cbdb6f28c8a2f618a8c5986ac5a56f91471175ac60
reportGapTask_ecc1b8725e4482cf017c,DecisionQuality,/Users/linzezhang/Downloads/量化回测分析/2026-06-04/BacktestReport7_04062026.docx,/Users/linzezhang/Downloads/量化回测分析/2026-06-04/RunMetadata6_04062026.json,RunMetadata6_04062026,alipay,,,补齐报告证据：RunMetadata6_04062026 / DecisionQuality,补齐 Decision Quality，包括 Thesis、证据、风险、反方观点和退出条件。,使用原报告样本区间；缺失时覆盖完整市场周期并记录起止日期。,沿用原 RunMetadata 成本假设；缺失时补充佣金、滑点、冲击成本、汇率或申赎费用。,按报告研究对象选择可复核基准,待验证,ab7a64c8f043ecc6ff15bf9cdb8afd620f8662fda7e59fe5727aca4dbdba90dd
reportGapTask_2dbfd5496aa0400a46b6,ReportEvidence,/Users/linzezhang/Downloads/量化回测分析/2026-06-04/BacktestReport7_04062026.docx,/Users/linzezhang/Downloads/量化回测分析/2026-06-04/RunMetadata5_04062026.json,RunMetadata5_04062026,alipay,,,补齐报告证据：RunMetadata5_04062026 / ReportEvidence,重新导出包含 QuantLabReportEvidenceV1 的 Word 报告和 RunMetadata。,使用原报告样本区间；缺失时覆盖完整市场周期并记录起止日期。,沿用原 RunMetadata 成本假设；缺失时补充佣金、滑点、冲击成本、汇率或申赎费用。,按报告研究对象选择可复核基准,待验证,8d474b45889ff2ffc2c4462f6e9718518c76f19dff884fed02c6914b6572b9f2
reportGapTask_0784624a9a0a560936f8,DataQuality,/Users/linzezhang/Downloads/量化回测分析/2026-06-04/BacktestReport7_04062026.docx,/Users/linzezhang/Downloads/量化回测分析/2026-06-04/RunMetadata5_04062026.json,RunMetadata5_04062026,alipay,,,补齐报告证据：RunMetadata5_04062026 / DataQuality,补跑并保存数据质量检查，确认数据源、时间区间、缺失值和异常值。,使用原报告样本区间；缺失时覆盖完整市场周期并记录起止日期。,沿用原 RunMetadata 成本假设；缺失时补充佣金、滑点、冲击成本、汇率或申赎费用。,按报告研究对象选择可复核基准,待验证,689dd1cbc1ef91ec737159f8dc0f7749a23e5e92c08d279fb2fe1c0364cfa725
reportGapTask_e6f30ef0c7ccba0a8b67,CrossSourceValidation,/Users/linzezhang/Downloads/量化回测分析/2026-06-04/BacktestReport7_04062026.docx,/Users/linzezhang/Downloads/量化回测分析/2026-06-04/RunMetadata5_04062026.json,RunMetadata5_04062026,alipay,,,补齐报告证据：RunMetadata5_04062026 / CrossSourceValidation,补跑多源交叉校验，比较至少两个可用真实数据源的关键价格。,使用原报告样本区间；缺失时覆盖完整市场周期并记录起止日期。,沿用原 RunMetadata 成本假设；缺失时补充佣金、滑点、冲击成本、汇率或申赎费用。,按报告研究对象选择可复核基准,待验证,b560e25d095fadc2d34c8746e41982c72733980d78219c2de0c1c4655462589e
reportGapTask_bcb63f8ef2c6bc031f6b,ParameterStability,/Users/linzezhang/Downloads/量化回测分析/2026-06-04/BacktestReport7_04062026.docx,/Users/linzezhang/Downloads/量化回测分析/2026-06-04/RunMetadata5_04062026.json,RunMetadata5_04062026,alipay,,,补齐报告证据：RunMetadata5_04062026 / ParameterStability,补跑参数稳定性扫描，检查结论是否依赖单一参数。,使用原报告样本区间；缺失时覆盖完整市场周期并记录起止日期。,沿用原 RunMetadata 成本假设；缺失时补充佣金、滑点、冲击成本、汇率或申赎费用。,按报告研究对象选择可复核基准,待验证,13654b44883cca1908f1de3a5e32a228858cfcc8d364423b2798cf7948a821f0
reportGapTask_0efaaa2a78e87ffa29a7,TrainTestValidation,/Users/linzezhang/Downloads/量化回测分析/2026-06-04/BacktestReport7_04062026.docx,/Users/linzezhang/Downloads/量化回测分析/2026-06-04/RunMetadata5_04062026.json,RunMetadata5_04062026,alipay,,,补齐报告证据：RunMetadata5_04062026 / TrainTestValidation,补跑样本内/样本外验证，确认训练和测试表现是否一致。,使用原报告样本区间；缺失时覆盖完整市场周期并记录起止日期。,沿用原 RunMetadata 成本假设；缺失时补充佣金、滑点、冲击成本、汇率或申赎费用。,按报告研究对象选择可复核基准,待验证,e41a8a19f4eb09dbd522568113945080abf9ddcb23dad87dd9931245886a56df
reportGapTask_008f304d7676f8b3c5e6,WalkForwardValidation,/Users/linzezhang/Downloads/量化回测分析/2026-06-04/BacktestReport7_04062026.docx,/Users/linzezhang/Downloads/量化回测分析/2026-06-04/RunMetadata5_04062026.json,RunMetadata5_04062026,alipay,,,补齐报告证据：RunMetadata5_04062026 / WalkForwardValidation,补跑 walk-forward 验证，检查规律是否跨时间窗口稳定。,使用原报告样本区间；缺失时覆盖完整市场周期并记录起止日期。,沿用原 RunMetadata 成本假设；缺失时补充佣金、滑点、冲击成本、汇率或申赎费用。,按报告研究对象选择可复核基准,待验证,099be6c58326001ec4007e1d04739aeec85eca97367382e09ee8ba2b9e2fbba9
reportGapTask_2533bd3b6b367688ead0,DecisionQuality,/Users/linzezhang/Downloads/量化回测分析/2026-06-04/BacktestReport7_04062026.docx,/Users/linzezhang/Downloads/量化回测分析/2026-06-04/RunMetadata5_04062026.json,RunMetadata5_04062026,alipay,,,补齐报告证据：RunMetadata5_04062026 / DecisionQuality,补齐 Decision Quality，包括 Thesis、证据、风险、反方观点和退出条件。,使用原报告样本区间；缺失时覆盖完整市场周期并记录起止日期。,沿用原 RunMetadata 成本假设；缺失时补充佣金、滑点、冲击成本、汇率或申赎费用。,按报告研究对象选择可复核基准,待验证,5cf4d64be5a211c9578fd23c3ac3c6ff7bae5b38485aa28bc75f491a70de0fcf
reportGapTask_6027ca6d96941d644c12,ReportEvidence,/Users/linzezhang/Downloads/量化回测分析/2026-06-04/BacktestReport7_04062026.docx,/Users/linzezhang/Downloads/量化回测分析/2026-06-04/RunMetadata4_04062026.json,RunMetadata4_04062026,ma_crossover,,,补齐报告证据：RunMetadata4_04062026 / ReportEvidence,重新导出包含 QuantLabReportEvidenceV1 的 Word 报告和 RunMetadata。,使用原报告样本区间；缺失时覆盖完整市场周期并记录起止日期。,沿用原 RunMetadata 成本假设；缺失时补充佣金、滑点、冲击成本、汇率或申赎费用。,按报告研究对象选择可复核基准,待验证,14cdb16bf9387de00713964925f131d2cdd7ef4507479bc0d8becc776e4e8861
reportGapTask_6cbc41f08157ae5ad3e9,DataQuality,/Users/linzezhang/Downloads/量化回测分析/2026-06-04/BacktestReport7_04062026.docx,/Users/linzezhang/Downloads/量化回测分析/2026-06-04/RunMetadata4_04062026.json,RunMetadata4_04062026,ma_crossover,,,补齐报告证据：RunMetadata4_04062026 / DataQuality,补跑并保存数据质量检查，确认数据源、时间区间、缺失值和异常值。,使用原报告样本区间；缺失时覆盖完整市场周期并记录起止日期。,沿用原 RunMetadata 成本假设；缺失时补充佣金、滑点、冲击成本、汇率或申赎费用。,按报告研究对象选择可复核基准,待验证,8e5a8a80cd3a2bf0e4b02ec97e4c336066ded84fe23f11457835ae33f45a26d1
reportGapTask_fa8cacaddab8a429cb18,CrossSourceValidation,/Users/linzezhang/Downloads/量化回测分析/2026-06-04/BacktestReport7_04062026.docx,/Users/linzezhang/Downloads/量化回测分析/2026-06-04/RunMetadata4_04062026.json,RunMetadata4_04062026,ma_crossover,,,补齐报告证据：RunMetadata4_04062026 / CrossSourceValidation,补跑多源交叉校验，比较至少两个可用真实数据源的关键价格。,使用原报告样本区间；缺失时覆盖完整市场周期并记录起止日期。,沿用原 RunMetadata 成本假设；缺失时补充佣金、滑点、冲击成本、汇率或申赎费用。,按报告研究对象选择可复核基准,待验证,ef37d521bdfea361c41a01a2ce0c102d1605ae394a861e3c14e6ae3f25041a96
reportGapTask_89c8ab860f172d7862c2,ParameterStability,/Users/linzezhang/Downloads/量化回测分析/2026-06-04/BacktestReport7_04062026.docx,/Users/linzezhang/Downloads/量化回测分析/2026-06-04/RunMetadata4_04062026.json,RunMetadata4_04062026,ma_crossover,,,补齐报告证据：RunMetadata4_04062026 / ParameterStability,补跑参数稳定性扫描，检查结论是否依赖单一参数。,使用原报告样本区间；缺失时覆盖完整市场周期并记录起止日期。,沿用原 RunMetadata 成本假设；缺失时补充佣金、滑点、冲击成本、汇率或申赎费用。,按报告研究对象选择可复核基准,待验证,30a48ab673a25900b3d18246874e34107c925c5a3e9e697976b2a2fd3310dd01
reportGapTask_423c92b2f0671f3838d0,TrainTestValidation,/Users/linzezhang/Downloads/量化回测分析/2026-06-04/BacktestReport7_04062026.docx,/Users/linzezhang/Downloads/量化回测分析/2026-06-04/RunMetadata4_04062026.json,RunMetadata4_04062026,ma_crossover,,,补齐报告证据：RunMetadata4_04062026 / TrainTestValidation,补跑样本内/样本外验证，确认训练和测试表现是否一致。,使用原报告样本区间；缺失时覆盖完整市场周期并记录起止日期。,沿用原 RunMetadata 成本假设；缺失时补充佣金、滑点、冲击成本、汇率或申赎费用。,按报告研究对象选择可复核基准,待验证,d29c307011361117d7398517a117592ced024ba5ce6c316a454b1843d5372f7d
reportGapTask_273888ad06e874e001d9,WalkForwardValidation,/Users/linzezhang/Downloads/量化回测分析/2026-06-04/BacktestReport7_04062026.docx,/Users/linzezhang/Downloads/量化回测分析/2026-06-04/RunMetadata4_04062026.json,RunMetadata4_04062026,ma_crossover,,,补齐报告证据：RunMetadata4_04062026 / WalkForwardValidation,补跑 walk-forward 验证，检查规律是否跨时间窗口稳定。,使用原报告样本区间；缺失时覆盖完整市场周期并记录起止日期。,沿用原 RunMetadata 成本假设；缺失时补充佣金、滑点、冲击成本、汇率或申赎费用。,按报告研究对象选择可复核基准,待验证,ed6c2532fcd05e3a64b13839030cc89727a22c7d7ed5d53fe0b412eeedc754b3
reportGapTask_048520aa8feeb7aee270,DecisionQuality,/Users/linzezhang/Downloads/量化回测分析/2026-06-04/BacktestReport7_04062026.docx,/Users/linzezhang/Downloads/量化回测分析/2026-06-04/RunMetadata4_04062026.json,RunMetadata4_04062026,ma_crossover,,,补齐报告证据：RunMetadata4_04062026 / DecisionQuality,补齐 Decision Quality，包括 Thesis、证据、风险、反方观点和退出条件。,使用原报告样本区间；缺失时覆盖完整市场周期并记录起止日期。,沿用原 RunMetadata 成本假设；缺失时补充佣金、滑点、冲击成本、汇率或申赎费用。,按报告研究对象选择可复核基准,待验证,ff4bcb3de6bc7c9a0e87b38d528f9d2b1f0377d2716e9ec4ab67dbe654892f29
reportGapTask_267d1f807207d197bf6e,ReportEvidence,/Users/linzezhang/Downloads/量化回测分析/2026-06-04/BacktestReport7_04062026.docx,/Users/linzezhang/Downloads/量化回测分析/2026-06-04/RunMetadata3_04062026.json,RunMetadata3_04062026,alipay,,,补齐报告证据：RunMetadata3_04062026 / ReportEvidence,重新导出包含 QuantLabReportEvidenceV1 的 Word 报告和 RunMetadata。,使用原报告样本区间；缺失时覆盖完整市场周期并记录起止日期。,沿用原 RunMetadata 成本假设；缺失时补充佣金、滑点、冲击成本、汇率或申赎费用。,按报告研究对象选择可复核基准,待验证,943a5fcd0425bdad503a79a4ba957767288941953116d3a2e5d8cd1bf8d06faa
reportGapTask_3504a2ce4108bfee7142,DataQuality,/Users/linzezhang/Downloads/量化回测分析/2026-06-04/BacktestReport7_04062026.docx,/Users/linzezhang/Downloads/量化回测分析/2026-06-04/RunMetadata3_04062026.json,RunMetadata3_04062026,alipay,,,补齐报告证据：RunMetadata3_04062026 / DataQuality,补跑并保存数据质量检查，确认数据源、时间区间、缺失值和异常值。,使用原报告样本区间；缺失时覆盖完整市场周期并记录起止日期。,沿用原 RunMetadata 成本假设；缺失时补充佣金、滑点、冲击成本、汇率或申赎费用。,按报告研究对象选择可复核基准,待验证,c360679128547fa0521af6325b4ab8c20931dfdada53471766fc49fef303f765
reportGapTask_f2a9f10c617a4a70b92e,CrossSourceValidation,/Users/linzezhang/Downloads/量化回测分析/2026-06-04/BacktestReport7_04062026.docx,/Users/linzezhang/Downloads/量化回测分析/2026-06-04/RunMetadata3_04062026.json,RunMetadata3_04062026,alipay,,,补齐报告证据：RunMetadata3_04062026 / CrossSourceValidation,补跑多源交叉校验，比较至少两个可用真实数据源的关键价格。,使用原报告样本区间；缺失时覆盖完整市场周期并记录起止日期。,沿用原 RunMetadata 成本假设；缺失时补充佣金、滑点、冲击成本、汇率或申赎费用。,按报告研究对象选择可复核基准,待验证,291f765afb74e184129efd0dc01db18be12f3f24cc927ca992ee01fa1857876b
reportGapTask_87c69d1fe70d54366d65,RiskGate,/Users/linzezhang/Downloads/量化回测分析/2026-06-04/BacktestReport7_04062026.docx,/Users/linzezhang/Downloads/量化回测分析/2026-06-04/RunMetadata3_04062026.json,RunMetadata3_04062026,alipay,,,补齐报告证据：RunMetadata3_04062026 / RiskGate,重建研究风险闸门，覆盖收益、回撤、成本、稳定性、样本外和停用条件。,使用原报告样本区间；缺失时覆盖完整市场周期并记录起止日期。,沿用原 RunMetadata 成本假设；缺失时补充佣金、滑点、冲击成本、汇率或申赎费用。,按报告研究对象选择可复核基准,待验证,9f109449bfe89a79322b5b67cefb3aa98c856ba0ed5ad623eca5b7bf64a707c2
reportGapTask_017779e6d7700c496167,DecisionQuality,/Users/linzezhang/Downloads/量化回测分析/2026-06-04/BacktestReport7_04062026.docx,/Users/linzezhang/Downloads/量化回测分析/2026-06-04/RunMetadata3_04062026.json,RunMetadata3_04062026,alipay,,,补齐报告证据：RunMetadata3_04062026 / DecisionQuality,补齐 Decision Quality，包括 Thesis、证据、风险、反方观点和退出条件。,使用原报告样本区间；缺失时覆盖完整市场周期并记录起止日期。,沿用原 RunMetadata 成本假设；缺失时补充佣金、滑点、冲击成本、汇率或申赎费用。,按报告研究对象选择可复核基准,待验证,54a9eceac8ea9dfed4b86ce6a9ca3356a7e2bc11bf54ed8e5d7e86273bdc4e81
reportGapTask_0619f2dbc5a32d72f7a4,ReportEvidence,/Users/linzezhang/Downloads/量化回测分析/2026-06-03/BacktestReport18_03062026.docx,/Users/linzezhang/Downloads/量化回测分析/2026-06-03/RunMetadata18_03062026.json,RunMetadata18_03062026,alipay,,,补齐报告证据：RunMetadata18_03062026 / ReportEvidence,重新导出包含 QuantLabReportEvidenceV1 的 Word 报告和 RunMetadata。,使用原报告样本区间；缺失时覆盖完整市场周期并记录起止日期。,沿用原 RunMetadata 成本假设；缺失时补充佣金、滑点、冲击成本、汇率或申赎费用。,按报告研究对象选择可复核基准,待验证,7db11d86474f5365733b928e05244c70d66d5b108566b630a3a809a48f47b7a7
reportGapTask_a5b036fb4b8104b1c0a1,DataQuality,/Users/linzezhang/Downloads/量化回测分析/2026-06-03/BacktestReport18_03062026.docx,/Users/linzezhang/Downloads/量化回测分析/2026-06-03/RunMetadata18_03062026.json,RunMetadata18_03062026,alipay,,,补齐报告证据：RunMetadata18_03062026 / DataQuality,补跑并保存数据质量检查，确认数据源、时间区间、缺失值和异常值。,使用原报告样本区间；缺失时覆盖完整市场周期并记录起止日期。,沿用原 RunMetadata 成本假设；缺失时补充佣金、滑点、冲击成本、汇率或申赎费用。,按报告研究对象选择可复核基准,待验证,4a09b992a123a74f496a6bbb6f5aa9050fcf1a01d4f5c88b395196450fe29525
reportGapTask_157ce73105216a2932ea,CrossSourceValidation,/Users/linzezhang/Downloads/量化回测分析/2026-06-03/BacktestReport18_03062026.docx,/Users/linzezhang/Downloads/量化回测分析/2026-06-03/RunMetadata18_03062026.json,RunMetadata18_03062026,alipay,,,补齐报告证据：RunMetadata18_03062026 / CrossSourceValidation,补跑多源交叉校验，比较至少两个可用真实数据源的关键价格。,使用原报告样本区间；缺失时覆盖完整市场周期并记录起止日期。,沿用原 RunMetadata 成本假设；缺失时补充佣金、滑点、冲击成本、汇率或申赎费用。,按报告研究对象选择可复核基准,待验证,1d1ef996d478bc50dd38250352095ee84fbbdaf17285a780b71d997cb6cb1a32
reportGapTask_41489eda40de630a3e0c,RiskGate,/Users/linzezhang/Downloads/量化回测分析/2026-06-03/BacktestReport18_03062026.docx,/Users/linzezhang/Downloads/量化回测分析/2026-06-03/RunMetadata18_03062026.json,RunMetadata18_03062026,alipay,,,补齐报告证据：RunMetadata18_03062026 / RiskGate,重建研究风险闸门，覆盖收益、回撤、成本、稳定性、样本外和停用条件。,使用原报告样本区间；缺失时覆盖完整市场周期并记录起止日期。,沿用原 RunMetadata 成本假设；缺失时补充佣金、滑点、冲击成本、汇率或申赎费用。,按报告研究对象选择可复核基准,待验证,9dab3b11eea5209fa8f063fe119e052aa9193974d9a53347e96b7a500a26e31f
reportGapTask_64118a13b6bf9444b01d,DecisionQuality,/Users/linzezhang/Downloads/量化回测分析/2026-06-03/BacktestReport18_03062026.docx,/Users/linzezhang/Downloads/量化回测分析/2026-06-03/RunMetadata18_03062026.json,RunMetadata18_03062026,alipay,,,补齐报告证据：RunMetadata18_03062026 / DecisionQuality,补齐 Decision Quality，包括 Thesis、证据、风险、反方观点和退出条件。,使用原报告样本区间；缺失时覆盖完整市场周期并记录起止日期。,沿用原 RunMetadata 成本假设；缺失时补充佣金、滑点、冲击成本、汇率或申赎费用。,按报告研究对象选择可复核基准,待验证,343539daaeeb5e2ba1c6c4cf6f1967fbdb1d89918d0babfe6859a03c611614dd
reportGapTask_3cd8ab854f673764fdc7,ReportEvidence,/Users/linzezhang/Downloads/量化回测分析/2026-06-03/BacktestReport18_03062026.docx,/Users/linzezhang/Downloads/量化回测分析/2026-06-03/RunMetadata17_03062026.json,RunMetadata17_03062026,alipay,,,补齐报告证据：RunMetadata17_03062026 / ReportEvidence,重新导出包含 QuantLabReportEvidenceV1 的 Word 报告和 RunMetadata。,使用原报告样本区间；缺失时覆盖完整市场周期并记录起止日期。,沿用原 RunMetadata 成本假设；缺失时补充佣金、滑点、冲击成本、汇率或申赎费用。,按报告研究对象选择可复核基准,待验证,458ca809a2c297472d218a7cccbda7ec8e4c90ca1c216394582bb7bc57f3b193
reportGapTask_e0b2883ecf74953e0352,DataQuality,/Users/linzezhang/Downloads/量化回测分析/2026-06-03/BacktestReport18_03062026.docx,/Users/linzezhang/Downloads/量化回测分析/2026-06-03/RunMetadata17_03062026.json,RunMetadata17_03062026,alipay,,,补齐报告证据：RunMetadata17_03062026 / DataQuality,补跑并保存数据质量检查，确认数据源、时间区间、缺失值和异常值。,使用原报告样本区间；缺失时覆盖完整市场周期并记录起止日期。,沿用原 RunMetadata 成本假设；缺失时补充佣金、滑点、冲击成本、汇率或申赎费用。,按报告研究对象选择可复核基准,待验证,2a5f23ae9bbad9e7009556fdeb786ba4184abdbd1c755a90eb9bcd2ffdfce1fb
reportGapTask_010672b7a7abd8d909fb,CrossSourceValidation,/Users/linzezhang/Downloads/量化回测分析/2026-06-03/BacktestReport18_03062026.docx,/Users/linzezhang/Downloads/量化回测分析/2026-06-03/RunMetadata17_03062026.json,RunMetadata17_03062026,alipay,,,补齐报告证据：RunMetadata17_03062026 / CrossSourceValidation,补跑多源交叉校验，比较至少两个可用真实数据源的关键价格。,使用原报告样本区间；缺失时覆盖完整市场周期并记录起止日期。,沿用原 RunMetadata 成本假设；缺失时补充佣金、滑点、冲击成本、汇率或申赎费用。,按报告研究对象选择可复核基准,待验证,370070a97da7e88441062f7bd8a08e2fa1c526f9e8a6fac191b9d2d400c343f4
reportGapTask_29e3f2396a203d88c2e1,RiskGate,/Users/linzezhang/Downloads/量化回测分析/2026-06-03/BacktestReport18_03062026.docx,/Users/linzezhang/Downloads/量化回测分析/2026-06-03/RunMetadata17_03062026.json,RunMetadata17_03062026,alipay,,,补齐报告证据：RunMetadata17_03062026 / RiskGate,重建研究风险闸门，覆盖收益、回撤、成本、稳定性、样本外和停用条件。,使用原报告样本区间；缺失时覆盖完整市场周期并记录起止日期。,沿用原 RunMetadata 成本假设；缺失时补充佣金、滑点、冲击成本、汇率或申赎费用。,按报告研究对象选择可复核基准,待验证,5a154fcad7cc15433e2f46675fdfc513702ed735a43103117f5aa0896dfbecb4
reportGapTask_de09c65669ad31697cd4,DecisionQuality,/Users/linzezhang/Downloads/量化回测分析/2026-06-03/BacktestReport18_03062026.docx,/Users/linzezhang/Downloads/量化回测分析/2026-06-03/RunMetadata17_03062026.json,RunMetadata17_03062026,alipay,,,补齐报告证据：RunMetadata17_03062026 / DecisionQuality,补齐 Decision Quality，包括 Thesis、证据、风险、反方观点和退出条件。,使用原报告样本区间；缺失时覆盖完整市场周期并记录起止日期。,沿用原 RunMetadata 成本假设；缺失时补充佣金、滑点、冲击成本、汇率或申赎费用。,按报告研究对象选择可复核基准,待验证,b7fd1577a17ffe9f6cac4da98dacd3de63b974cc47235b53462de50ebaccad7c
reportGapTask_d8b90851743f681ea520,ReportEvidence,/Users/linzezhang/Downloads/量化回测分析/2026-06-03/BacktestReport18_03062026.docx,/Users/linzezhang/Downloads/量化回测分析/2026-06-03/RunMetadata16_03062026.json,RunMetadata16_03062026,alipay,,,补齐报告证据：RunMetadata16_03062026 / ReportEvidence,重新导出包含 QuantLabReportEvidenceV1 的 Word 报告和 RunMetadata。,使用原报告样本区间；缺失时覆盖完整市场周期并记录起止日期。,沿用原 RunMetadata 成本假设；缺失时补充佣金、滑点、冲击成本、汇率或申赎费用。,按报告研究对象选择可复核基准,待验证,f52ebaab3abeeccd3f7baffd764684f79e9c589d3e1fbd45b34126713d0a04e3
reportGapTask_47fb80bdfd8fba7383b5,DataQuality,/Users/linzezhang/Downloads/量化回测分析/2026-06-03/BacktestReport18_03062026.docx,/Users/linzezhang/Downloads/量化回测分析/2026-06-03/RunMetadata16_03062026.json,RunMetadata16_03062026,alipay,,,补齐报告证据：RunMetadata16_03062026 / DataQuality,补跑并保存数据质量检查，确认数据源、时间区间、缺失值和异常值。,使用原报告样本区间；缺失时覆盖完整市场周期并记录起止日期。,沿用原 RunMetadata 成本假设；缺失时补充佣金、滑点、冲击成本、汇率或申赎费用。,按报告研究对象选择可复核基准,待验证,b05e182b9ff5ebbb2376b643ab200e0ea5bddcf271f0088badb028fd5c8ced78
reportGapTask_046d6a1b232fe22efff2,CrossSourceValidation,/Users/linzezhang/Downloads/量化回测分析/2026-06-03/BacktestReport18_03062026.docx,/Users/linzezhang/Downloads/量化回测分析/2026-06-03/RunMetadata16_03062026.json,RunMetadata16_03062026,alipay,,,补齐报告证据：RunMetadata16_03062026 / CrossSourceValidation,补跑多源交叉校验，比较至少两个可用真实数据源的关键价格。,使用原报告样本区间；缺失时覆盖完整市场周期并记录起止日期。,沿用原 RunMetadata 成本假设；缺失时补充佣金、滑点、冲击成本、汇率或申赎费用。,按报告研究对象选择可复核基准,待验证,5264e72fef3032b114ce266b9253c4f48e2638de40f3aaf8a96e01a271bbdd32
reportGapTask_3e8dbcfcfa454bf79d54,RiskGate,/Users/linzezhang/Downloads/量化回测分析/2026-06-03/BacktestReport18_03062026.docx,/Users/linzezhang/Downloads/量化回测分析/2026-06-03/RunMetadata16_03062026.json,RunMetadata16_03062026,alipay,,,补齐报告证据：RunMetadata16_03062026 / RiskGate,重建研究风险闸门，覆盖收益、回撤、成本、稳定性、样本外和停用条件。,使用原报告样本区间；缺失时覆盖完整市场周期并记录起止日期。,沿用原 RunMetadata 成本假设；缺失时补充佣金、滑点、冲击成本、汇率或申赎费用。,按报告研究对象选择可复核基准,待验证,f4d5f5fb31c1dd73bb1795f7b8fadff2f31b0df942629a415ff53e2069ad552d
reportGapTask_4dfcf7997fcb9c7f5547,DecisionQuality,/Users/linzezhang/Downloads/量化回测分析/2026-06-03/BacktestReport18_03062026.docx,/Users/linzezhang/Downloads/量化回测分析/2026-06-03/RunMetadata16_03062026.json,RunMetadata16_03062026,alipay,,,补齐报告证据：RunMetadata16_03062026 / DecisionQuality,补齐 Decision Quality，包括 Thesis、证据、风险、反方观点和退出条件。,使用原报告样本区间；缺失时覆盖完整市场周期并记录起止日期。,沿用原 RunMetadata 成本假设；缺失时补充佣金、滑点、冲击成本、汇率或申赎费用。,按报告研究对象选择可复核基准,待验证,52c41892bd7123701f9c8086eac4735abfc2cce66bfcb6865851eb84be162400
reportGapTask_c748cc1b705bdecc8f8f,ReportEvidence,/Users/linzezhang/Downloads/量化回测分析/2026-06-03/BacktestReport18_03062026.docx,/Users/linzezhang/Downloads/量化回测分析/2026-06-03/RunMetadata15_03062026.json,RunMetadata15_03062026,alipay,,,补齐报告证据：RunMetadata15_03062026 / ReportEvidence,重新导出包含 QuantLabReportEvidenceV1 的 Word 报告和 RunMetadata。,使用原报告样本区间；缺失时覆盖完整市场周期并记录起止日期。,沿用原 RunMetadata 成本假设；缺失时补充佣金、滑点、冲击成本、汇率或申赎费用。,按报告研究对象选择可复核基准,待验证,080ab6275f35df31435b7a6119c5aefea6ffbce0183ea6edb136c61a627c598b
reportGapTask_3a8f70f77e837753068e,DataQuality,/Users/linzezhang/Downloads/量化回测分析/2026-06-03/BacktestReport18_03062026.docx,/Users/linzezhang/Downloads/量化回测分析/2026-06-03/RunMetadata15_03062026.json,RunMetadata15_03062026,alipay,,,补齐报告证据：RunMetadata15_03062026 / DataQuality,补跑并保存数据质量检查，确认数据源、时间区间、缺失值和异常值。,使用原报告样本区间；缺失时覆盖完整市场周期并记录起止日期。,沿用原 RunMetadata 成本假设；缺失时补充佣金、滑点、冲击成本、汇率或申赎费用。,按报告研究对象选择可复核基准,待验证,948ac4a69ecf9e363e5cf7bc99c62aba347f4957b40156f0da6c161fc3a33f28
reportGapTask_db87da6ceae338aecf01,CrossSourceValidation,/Users/linzezhang/Downloads/量化回测分析/2026-06-03/BacktestReport18_03062026.docx,/Users/linzezhang/Downloads/量化回测分析/2026-06-03/RunMetadata15_03062026.json,RunMetadata15_03062026,alipay,,,补齐报告证据：RunMetadata15_03062026 / CrossSourceValidation,补跑多源交叉校验，比较至少两个可用真实数据源的关键价格。,使用原报告样本区间；缺失时覆盖完整市场周期并记录起止日期。,沿用原 RunMetadata 成本假设；缺失时补充佣金、滑点、冲击成本、汇率或申赎费用。,按报告研究对象选择可复核基准,待验证,0e86b8ceacc6602b0bfe6996da247e311f5867f3e9662eedbf6e22e8454d10ba
reportGapTask_ae5c2190a77e9783ca89,RiskGate,/Users/linzezhang/Downloads/量化回测分析/2026-06-03/BacktestReport18_03062026.docx,/Users/linzezhang/Downloads/量化回测分析/2026-06-03/RunMetadata15_03062026.json,RunMetadata15_03062026,alipay,,,补齐报告证据：RunMetadata15_03062026 / RiskGate,重建研究风险闸门，覆盖收益、回撤、成本、稳定性、样本外和停用条件。,使用原报告样本区间；缺失时覆盖完整市场周期并记录起止日期。,沿用原 RunMetadata 成本假设；缺失时补充佣金、滑点、冲击成本、汇率或申赎费用。,按报告研究对象选择可复核基准,待验证,76a37775a3c94b57f909ee85c517da6e4ac99fccd0dd54b5aaff5913a3ff26b2
reportGapTask_a80ecefa4fea410778bb,DecisionQuality,/Users/linzezhang/Downloads/量化回测分析/2026-06-03/BacktestReport18_03062026.docx,/Users/linzezhang/Downloads/量化回测分析/2026-06-03/RunMetadata15_03062026.json,RunMetadata15_03062026,alipay,,,补齐报告证据：RunMetadata15_03062026 / DecisionQuality,补齐 Decision Quality，包括 Thesis、证据、风险、反方观点和退出条件。,使用原报告样本区间；缺失时覆盖完整市场周期并记录起止日期。,沿用原 RunMetadata 成本假设；缺失时补充佣金、滑点、冲击成本、汇率或申赎费用。,按报告研究对象选择可复核基准,待验证,c2c44d07fbe55d501157d3a3d193c24f7199047d58eecea2531e7ad3ae96566c
reportGapTask_237cd29b5b22e6eed252,ReportEvidence,/Users/linzezhang/Downloads/量化回测分析/2026-06-03/BacktestReport18_03062026.docx,/Users/linzezhang/Downloads/量化回测分析/2026-06-03/RunMetadata14_03062026.json,RunMetadata14_03062026,ma_crossover,,,补齐报告证据：RunMetadata14_03062026 / ReportEvidence,重新导出包含 QuantLabReportEvidenceV1 的 Word 报告和 RunMetadata。,使用原报告样本区间；缺失时覆盖完整市场周期并记录起止日期。,沿用原 RunMetadata 成本假设；缺失时补充佣金、滑点、冲击成本、汇率或申赎费用。,按报告研究对象选择可复核基准,待验证,b1950284c09f76000c8fa6faebd956a7de2da6c91335d3a98b09150b097fc8ce
reportGapTask_affa4caee77ccb647dc8,DataQuality,/Users/linzezhang/Downloads/量化回测分析/2026-06-03/BacktestReport18_03062026.docx,/Users/linzezhang/Downloads/量化回测分析/2026-06-03/RunMetadata14_03062026.json,RunMetadata14_03062026,ma_crossover,,,补齐报告证据：RunMetadata14_03062026 / DataQuality,补跑并保存数据质量检查，确认数据源、时间区间、缺失值和异常值。,使用原报告样本区间；缺失时覆盖完整市场周期并记录起止日期。,沿用原 RunMetadata 成本假设；缺失时补充佣金、滑点、冲击成本、汇率或申赎费用。,按报告研究对象选择可复核基准,待验证,6292121753e69482a3c2f39d5d4e07ed63348aab68cec2411f7f80a0cdefe16f
reportGapTask_9d39caca6932ea99e9ef,CrossSourceValidation,/Users/linzezhang/Downloads/量化回测分析/2026-06-03/BacktestReport18_03062026.docx,/Users/linzezhang/Downloads/量化回测分析/2026-06-03/RunMetadata14_03062026.json,RunMetadata14_03062026,ma_crossover,,,补齐报告证据：RunMetadata14_03062026 / CrossSourceValidation,补跑多源交叉校验，比较至少两个可用真实数据源的关键价格。,使用原报告样本区间；缺失时覆盖完整市场周期并记录起止日期。,沿用原 RunMetadata 成本假设；缺失时补充佣金、滑点、冲击成本、汇率或申赎费用。,按报告研究对象选择可复核基准,待验证,a7b6f4c32f0929ecc3d4ba967381a2e31cb5341de580b6e15edb71b85af0d247
reportGapTask_4416444444d27a6ec957,RiskGate,/Users/linzezhang/Downloads/量化回测分析/2026-06-03/BacktestReport18_03062026.docx,/Users/linzezhang/Downloads/量化回测分析/2026-06-03/RunMetadata14_03062026.json,RunMetadata14_03062026,ma_crossover,,,补齐报告证据：RunMetadata14_03062026 / RiskGate,重建研究风险闸门，覆盖收益、回撤、成本、稳定性、样本外和停用条件。,使用原报告样本区间；缺失时覆盖完整市场周期并记录起止日期。,沿用原 RunMetadata 成本假设；缺失时补充佣金、滑点、冲击成本、汇率或申赎费用。,按报告研究对象选择可复核基准,待验证,4e231a52305b101555cf76c44cb50b200b4bef27c52030db3960f0cc027ce36f
reportGapTask_29d20779b1a63d731906,DecisionQuality,/Users/linzezhang/Downloads/量化回测分析/2026-06-03/BacktestReport18_03062026.docx,/Users/linzezhang/Downloads/量化回测分析/2026-06-03/RunMetadata14_03062026.json,RunMetadata14_03062026,ma_crossover,,,补齐报告证据：RunMetadata14_03062026 / DecisionQuality,补齐 Decision Quality，包括 Thesis、证据、风险、反方观点和退出条件。,使用原报告样本区间；缺失时覆盖完整市场周期并记录起止日期。,沿用原 RunMetadata 成本假设；缺失时补充佣金、滑点、冲击成本、汇率或申赎费用。,按报告研究对象选择可复核基准,待验证,1e1cf3d271ab749826a998062b6c489da6b802eb058806d518075fbd5d9390ec
reportGapTask_7f9ba339fb12527227c5,ReportEvidence,/Users/linzezhang/Downloads/量化回测分析/2026-06-03/BacktestReport18_03062026.docx,/Users/linzezhang/Downloads/量化回测分析/2026-06-03/RunMetadata4_03062026.json,RunMetadata4_03062026,ma_crossover,,,补齐报告证据：RunMetadata4_03062026 / ReportEvidence,重新导出包含 QuantLabReportEvidenceV1 的 Word 报告和 RunMetadata。,使用原报告样本区间；缺失时覆盖完整市场周期并记录起止日期。,沿用原 RunMetadata 成本假设；缺失时补充佣金、滑点、冲击成本、汇率或申赎费用。,按报告研究对象选择可复核基准,待验证,a4e990b280adc15c2d8995bb04039cbd2831a7d518339b61e08e210228a85b76
reportGapTask_d70cd11f20933e2936d2,DataQuality,/Users/linzezhang/Downloads/量化回测分析/2026-06-03/BacktestReport18_03062026.docx,/Users/linzezhang/Downloads/量化回测分析/2026-06-03/RunMetadata4_03062026.json,RunMetadata4_03062026,ma_crossover,,,补齐报告证据：RunMetadata4_03062026 / DataQuality,补跑并保存数据质量检查，确认数据源、时间区间、缺失值和异常值。,使用原报告样本区间；缺失时覆盖完整市场周期并记录起止日期。,沿用原 RunMetadata 成本假设；缺失时补充佣金、滑点、冲击成本、汇率或申赎费用。,按报告研究对象选择可复核基准,待验证,2622cdf7f6266e25b41cae6ecb305b3b6430da6e96da9a7bce6641914084d3d9
reportGapTask_769a220b74d086dd1495,CrossSourceValidation,/Users/linzezhang/Downloads/量化回测分析/2026-06-03/BacktestReport18_03062026.docx,/Users/linzezhang/Downloads/量化回测分析/2026-06-03/RunMetadata4_03062026.json,RunMetadata4_03062026,ma_crossover,,,补齐报告证据：RunMetadata4_03062026 / CrossSourceValidation,补跑多源交叉校验，比较至少两个可用真实数据源的关键价格。,使用原报告样本区间；缺失时覆盖完整市场周期并记录起止日期。,沿用原 RunMetadata 成本假设；缺失时补充佣金、滑点、冲击成本、汇率或申赎费用。,按报告研究对象选择可复核基准,待验证,d4cc4742e2624529febb2f6eec39630ddbb8c7d0e8fae4815a09a3c055106465
reportGapTask_b989ee57852d50eeb089,RiskGate,/Users/linzezhang/Downloads/量化回测分析/2026-06-03/BacktestReport18_03062026.docx,/Users/linzezhang/Downloads/量化回测分析/2026-06-03/RunMetadata4_03062026.json,RunMetadata4_03062026,ma_crossover,,,补齐报告证据：RunMetadata4_03062026 / RiskGate,重建研究风险闸门，覆盖收益、回撤、成本、稳定性、样本外和停用条件。,使用原报告样本区间；缺失时覆盖完整市场周期并记录起止日期。,沿用原 RunMetadata 成本假设；缺失时补充佣金、滑点、冲击成本、汇率或申赎费用。,按报告研究对象选择可复核基准,待验证,454c8f6fb1cd879f7db262a4203f3af9cffd35127982006870b2ef4abc245708
reportGapTask_b8015b79389ea9ddfef8,DecisionQuality,/Users/linzezhang/Downloads/量化回测分析/2026-06-03/BacktestReport18_03062026.docx,/Users/linzezhang/Downloads/量化回测分析/2026-06-03/RunMetadata4_03062026.json,RunMetadata4_03062026,ma_crossover,,,补齐报告证据：RunMetadata4_03062026 / DecisionQuality,补齐 Decision Quality，包括 Thesis、证据、风险、反方观点和退出条件。,使用原报告样本区间；缺失时覆盖完整市场周期并记录起止日期。,沿用原 RunMetadata 成本假设；缺失时补充佣金、滑点、冲击成本、汇率或申赎费用。,按报告研究对象选择可复核基准,待验证,a2cef82ed5834c6fe24b49403e1053b700b7b49a914c9ffe18311000b38d78eb
reportGapTask_654fad4cc52bed473754,ReportEvidence,/Users/linzezhang/Downloads/量化回测分析/2026-06-03/BacktestReport18_03062026.docx,/Users/linzezhang/Downloads/量化回测分析/2026-06-03/RunMetadata3_03062026.json,RunMetadata3_03062026,ma_crossover,,,补齐报告证据：RunMetadata3_03062026 / ReportEvidence,重新导出包含 QuantLabReportEvidenceV1 的 Word 报告和 RunMetadata。,使用原报告样本区间；缺失时覆盖完整市场周期并记录起止日期。,沿用原 RunMetadata 成本假设；缺失时补充佣金、滑点、冲击成本、汇率或申赎费用。,按报告研究对象选择可复核基准,待验证,09e24ae8095d2407190b49e637b3efe8ee4808a3d571ee714f366e9b5e22c159
reportGapTask_50a1f3992e7c9f4c11b2,DataQuality,/Users/linzezhang/Downloads/量化回测分析/2026-06-03/BacktestReport18_03062026.docx,/Users/linzezhang/Downloads/量化回测分析/2026-06-03/RunMetadata3_03062026.json,RunMetadata3_03062026,ma_crossover,,,补齐报告证据：RunMetadata3_03062026 / DataQuality,补跑并保存数据质量检查，确认数据源、时间区间、缺失值和异常值。,使用原报告样本区间；缺失时覆盖完整市场周期并记录起止日期。,沿用原 RunMetadata 成本假设；缺失时补充佣金、滑点、冲击成本、汇率或申赎费用。,按报告研究对象选择可复核基准,待验证,ec83ef5bec47638897ae91fd0594f09f47cf4f4b698ebda73416890a59828a06
reportGapTask_92cd00b0c89fd3c9942e,CrossSourceValidation,/Users/linzezhang/Downloads/量化回测分析/2026-06-03/BacktestReport18_03062026.docx,/Users/linzezhang/Downloads/量化回测分析/2026-06-03/RunMetadata3_03062026.json,RunMetadata3_03062026,ma_crossover,,,补齐报告证据：RunMetadata3_03062026 / CrossSourceValidation,补跑多源交叉校验，比较至少两个可用真实数据源的关键价格。,使用原报告样本区间；缺失时覆盖完整市场周期并记录起止日期。,沿用原 RunMetadata 成本假设；缺失时补充佣金、滑点、冲击成本、汇率或申赎费用。,按报告研究对象选择可复核基准,待验证,d07ca2c5421a7d7e9b15c55dcad16442e1f816090eea6f150ee132604e4051c1
reportGapTask_0eb7ded71e1b5a09bb23,RiskGate,/Users/linzezhang/Downloads/量化回测分析/2026-06-03/BacktestReport18_03062026.docx,/Users/linzezhang/Downloads/量化回测分析/2026-06-03/RunMetadata3_03062026.json,RunMetadata3_03062026,ma_crossover,,,补齐报告证据：RunMetadata3_03062026 / RiskGate,重建研究风险闸门，覆盖收益、回撤、成本、稳定性、样本外和停用条件。,使用原报告样本区间；缺失时覆盖完整市场周期并记录起止日期。,沿用原 RunMetadata 成本假设；缺失时补充佣金、滑点、冲击成本、汇率或申赎费用。,按报告研究对象选择可复核基准,待验证,0cb102a20d61c489c6b607a4e923d61b0860cbfc26f19cd96e51b121ac5f4ffb
reportGapTask_d610e1e17901939d606a,DecisionQuality,/Users/linzezhang/Downloads/量化回测分析/2026-06-03/BacktestReport18_03062026.docx,/Users/linzezhang/Downloads/量化回测分析/2026-06-03/RunMetadata3_03062026.json,RunMetadata3_03062026,ma_crossover,,,补齐报告证据：RunMetadata3_03062026 / DecisionQuality,补齐 Decision Quality，包括 Thesis、证据、风险、反方观点和退出条件。,使用原报告样本区间；缺失时覆盖完整市场周期并记录起止日期。,沿用原 RunMetadata 成本假设；缺失时补充佣金、滑点、冲击成本、汇率或申赎费用。,按报告研究对象选择可复核基准,待验证,a94780b8b1e137a2f13ebd5a5e9e59584108b9ff0d4015e3e0a9967f5f81eaa7
reportGapTask_0f9dd136fc4c4bbc2c86,ReportEvidence,/Users/linzezhang/Downloads/量化回测分析/2026-06-03/BacktestReport18_03062026.docx,/Users/linzezhang/Downloads/量化回测分析/2026-06-03/RunMetadata13_03062026.json,RunMetadata13_03062026,ma_crossover,,,补齐报告证据：RunMetadata13_03062026 / ReportEvidence,重新导出包含 QuantLabReportEvidenceV1 的 Word 报告和 RunMetadata。,使用原报告样本区间；缺失时覆盖完整市场周期并记录起止日期。,沿用原 RunMetadata 成本假设；缺失时补充佣金、滑点、冲击成本、汇率或申赎费用。,按报告研究对象选择可复核基准,待验证,17e4264bddad7611297b6874fef0cc19585b070228bf0de04015fdde9f2d9136
reportGapTask_8c12904715978624ba74,DataQuality,/Users/linzezhang/Downloads/量化回测分析/2026-06-03/BacktestReport18_03062026.docx,/Users/linzezhang/Downloads/量化回测分析/2026-06-03/RunMetadata13_03062026.json,RunMetadata13_03062026,ma_crossover,,,补齐报告证据：RunMetadata13_03062026 / DataQuality,补跑并保存数据质量检查，确认数据源、时间区间、缺失值和异常值。,使用原报告样本区间；缺失时覆盖完整市场周期并记录起止日期。,沿用原 RunMetadata 成本假设；缺失时补充佣金、滑点、冲击成本、汇率或申赎费用。,按报告研究对象选择可复核基准,待验证,49882dc89cf1e61b36d48673cbf0259835b19bd86d403145e10595869b86db56
reportGapTask_056f7cc548998f860aa8,CrossSourceValidation,/Users/linzezhang/Downloads/量化回测分析/2026-06-03/BacktestReport18_03062026.docx,/Users/linzezhang/Downloads/量化回测分析/2026-06-03/RunMetadata13_03062026.json,RunMetadata13_03062026,ma_crossover,,,补齐报告证据：RunMetadata13_03062026 / CrossSourceValidation,补跑多源交叉校验，比较至少两个可用真实数据源的关键价格。,使用原报告样本区间；缺失时覆盖完整市场周期并记录起止日期。,沿用原 RunMetadata 成本假设；缺失时补充佣金、滑点、冲击成本、汇率或申赎费用。,按报告研究对象选择可复核基准,待验证,926058bf77e1f21914bfb4d0149c22e4fd4550accc880f70ee3a6917ddb7d472
reportGapTask_cc21969e2c9745c12389,RiskGate,/Users/linzezhang/Downloads/量化回测分析/2026-06-03/BacktestReport18_03062026.docx,/Users/linzezhang/Downloads/量化回测分析/2026-06-03/RunMetadata13_03062026.json,RunMetadata13_03062026,ma_crossover,,,补齐报告证据：RunMetadata13_03062026 / RiskGate,重建研究风险闸门，覆盖收益、回撤、成本、稳定性、样本外和停用条件。,使用原报告样本区间；缺失时覆盖完整市场周期并记录起止日期。,沿用原 RunMetadata 成本假设；缺失时补充佣金、滑点、冲击成本、汇率或申赎费用。,按报告研究对象选择可复核基准,待验证,f82f7a30b26bbebd44c678080906ab86d8e1437e43192316d8c6f0cea82292d8
reportGapTask_861b31fcb77d57ee4d9f,DecisionQuality,/Users/linzezhang/Downloads/量化回测分析/2026-06-03/BacktestReport18_03062026.docx,/Users/linzezhang/Downloads/量化回测分析/2026-06-03/RunMetadata13_03062026.json,RunMetadata13_03062026,ma_crossover,,,补齐报告证据：RunMetadata13_03062026 / DecisionQuality,补齐 Decision Quality，包括 Thesis、证据、风险、反方观点和退出条件。,使用原报告样本区间；缺失时覆盖完整市场周期并记录起止日期。,沿用原 RunMetadata 成本假设；缺失时补充佣金、滑点、冲击成本、汇率或申赎费用。,按报告研究对象选择可复核基准,待验证,0e3b2c1ff2fe3e739af5ac745ef55b694c438046c56c35670f7c3df442505283
reportGapTask_aece318bd5609bdbf268,ReportEvidence,/Users/linzezhang/Downloads/量化回测分析/2026-06-03/BacktestReport18_03062026.docx,/Users/linzezhang/Downloads/量化回测分析/2026-06-03/RunMetadata12_03062026.json,RunMetadata12_03062026,ma_crossover,,,补齐报告证据：RunMetadata12_03062026 / ReportEvidence,重新导出包含 QuantLabReportEvidenceV1 的 Word 报告和 RunMetadata。,使用原报告样本区间；缺失时覆盖完整市场周期并记录起止日期。,沿用原 RunMetadata 成本假设；缺失时补充佣金、滑点、冲击成本、汇率或申赎费用。,按报告研究对象选择可复核基准,待验证,7c2a884487bf978db1ba047277b06d8b19c1420e2c27b55072d07905ebd74446
reportGapTask_9aab6895e3d833bb81da,DataQuality,/Users/linzezhang/Downloads/量化回测分析/2026-06-03/BacktestReport18_03062026.docx,/Users/linzezhang/Downloads/量化回测分析/2026-06-03/RunMetadata12_03062026.json,RunMetadata12_03062026,ma_crossover,,,补齐报告证据：RunMetadata12_03062026 / DataQuality,补跑并保存数据质量检查，确认数据源、时间区间、缺失值和异常值。,使用原报告样本区间；缺失时覆盖完整市场周期并记录起止日期。,沿用原 RunMetadata 成本假设；缺失时补充佣金、滑点、冲击成本、汇率或申赎费用。,按报告研究对象选择可复核基准,待验证,86a37e8c21139cb63aab162e602135f020a533da7b7d9c63566c50fba27bfe8f
reportGapTask_7b2250605364c2f5600d,CrossSourceValidation,/Users/linzezhang/Downloads/量化回测分析/2026-06-03/BacktestReport18_03062026.docx,/Users/linzezhang/Downloads/量化回测分析/2026-06-03/RunMetadata12_03062026.json,RunMetadata12_03062026,ma_crossover,,,补齐报告证据：RunMetadata12_03062026 / CrossSourceValidation,补跑多源交叉校验，比较至少两个可用真实数据源的关键价格。,使用原报告样本区间；缺失时覆盖完整市场周期并记录起止日期。,沿用原 RunMetadata 成本假设；缺失时补充佣金、滑点、冲击成本、汇率或申赎费用。,按报告研究对象选择可复核基准,待验证,84c72e8d2627393e36cd7b0739a68f5d34a2c808ef8f0d263ed20951ef079fc3
reportGapTask_498687f76c9b7e4fcfa7,RiskGate,/Users/linzezhang/Downloads/量化回测分析/2026-06-03/BacktestReport18_03062026.docx,/Users/linzezhang/Downloads/量化回测分析/2026-06-03/RunMetadata12_03062026.json,RunMetadata12_03062026,ma_crossover,,,补齐报告证据：RunMetadata12_03062026 / RiskGate,重建研究风险闸门，覆盖收益、回撤、成本、稳定性、样本外和停用条件。,使用原报告样本区间；缺失时覆盖完整市场周期并记录起止日期。,沿用原 RunMetadata 成本假设；缺失时补充佣金、滑点、冲击成本、汇率或申赎费用。,按报告研究对象选择可复核基准,待验证,a04eed1b4159cce25c5a3c6fa12cdf8bfd3326507362606c26f097839a91b063
reportGapTask_5e503abbad4691b1593e,DecisionQuality,/Users/linzezhang/Downloads/量化回测分析/2026-06-03/BacktestReport18_03062026.docx,/Users/linzezhang/Downloads/量化回测分析/2026-06-03/RunMetadata12_03062026.json,RunMetadata12_03062026,ma_crossover,,,补齐报告证据：RunMetadata12_03062026 / DecisionQuality,补齐 Decision Quality，包括 Thesis、证据、风险、反方观点和退出条件。,使用原报告样本区间；缺失时覆盖完整市场周期并记录起止日期。,沿用原 RunMetadata 成本假设；缺失时补充佣金、滑点、冲击成本、汇率或申赎费用。,按报告研究对象选择可复核基准,待验证,0f0bc02618e690c620f7a5d7e5747344b4c8167acd20bcaba4847b850925711a
reportGapTask_bf9bfa83deb65175b103,ReportEvidence,/Users/linzezhang/Downloads/量化回测分析/2026-06-03/BacktestReport18_03062026.docx,/Users/linzezhang/Downloads/量化回测分析/2026-06-03/RunMetadata11_03062026.json,RunMetadata11_03062026,ma_crossover,,,补齐报告证据：RunMetadata11_03062026 / ReportEvidence,重新导出包含 QuantLabReportEvidenceV1 的 Word 报告和 RunMetadata。,使用原报告样本区间；缺失时覆盖完整市场周期并记录起止日期。,沿用原 RunMetadata 成本假设；缺失时补充佣金、滑点、冲击成本、汇率或申赎费用。,按报告研究对象选择可复核基准,待验证,3f3bdf5fc35dddd3228a048fab54de107f31158c410728252b215b86f75b9998
reportGapTask_f430839fce24b7702b72,DataQuality,/Users/linzezhang/Downloads/量化回测分析/2026-06-03/BacktestReport18_03062026.docx,/Users/linzezhang/Downloads/量化回测分析/2026-06-03/RunMetadata11_03062026.json,RunMetadata11_03062026,ma_crossover,,,补齐报告证据：RunMetadata11_03062026 / DataQuality,补跑并保存数据质量检查，确认数据源、时间区间、缺失值和异常值。,使用原报告样本区间；缺失时覆盖完整市场周期并记录起止日期。,沿用原 RunMetadata 成本假设；缺失时补充佣金、滑点、冲击成本、汇率或申赎费用。,按报告研究对象选择可复核基准,待验证,90d8e9516599a452a3e75587c38a7782eb74aba3ab2af817c75bb03b25ed52ad
reportGapTask_5036f46a88cc928d072a,CrossSourceValidation,/Users/linzezhang/Downloads/量化回测分析/2026-06-03/BacktestReport18_03062026.docx,/Users/linzezhang/Downloads/量化回测分析/2026-06-03/RunMetadata11_03062026.json,RunMetadata11_03062026,ma_crossover,,,补齐报告证据：RunMetadata11_03062026 / CrossSourceValidation,补跑多源交叉校验，比较至少两个可用真实数据源的关键价格。,使用原报告样本区间；缺失时覆盖完整市场周期并记录起止日期。,沿用原 RunMetadata 成本假设；缺失时补充佣金、滑点、冲击成本、汇率或申赎费用。,按报告研究对象选择可复核基准,待验证,8ddc367d8e92597c2a08b4e493afc0d8467eac62b4bcdd8d3c13383c336a85fe
reportGapTask_1349213155facadf7250,RiskGate,/Users/linzezhang/Downloads/量化回测分析/2026-06-03/BacktestReport18_03062026.docx,/Users/linzezhang/Downloads/量化回测分析/2026-06-03/RunMetadata11_03062026.json,RunMetadata11_03062026,ma_crossover,,,补齐报告证据：RunMetadata11_03062026 / RiskGate,重建研究风险闸门，覆盖收益、回撤、成本、稳定性、样本外和停用条件。,使用原报告样本区间；缺失时覆盖完整市场周期并记录起止日期。,沿用原 RunMetadata 成本假设；缺失时补充佣金、滑点、冲击成本、汇率或申赎费用。,按报告研究对象选择可复核基准,待验证,70f671cc6caff1b7ab41bd6613bd64384a132b86163ed821d176ec38f5681264
reportGapTask_cc1cf0fee8d3dd90cb09,DecisionQuality,/Users/linzezhang/Downloads/量化回测分析/2026-06-03/BacktestReport18_03062026.docx,/Users/linzezhang/Downloads/量化回测分析/2026-06-03/RunMetadata11_03062026.json,RunMetadata11_03062026,ma_crossover,,,补齐报告证据：RunMetadata11_03062026 / DecisionQuality,补齐 Decision Quality，包括 Thesis、证据、风险、反方观点和退出条件。,使用原报告样本区间；缺失时覆盖完整市场周期并记录起止日期。,沿用原 RunMetadata 成本假设；缺失时补充佣金、滑点、冲击成本、汇率或申赎费用。,按报告研究对象选择可复核基准,待验证,556830cd7dff75a2410ef6181d5d1545dd085df6cf93cf7b1c8d52fe6a9ee417
reportGapTask_c0cad6a96f2a53ab0443,ReportEvidence,/Users/linzezhang/Downloads/量化回测分析/2026-06-03/BacktestReport18_03062026.docx,/Users/linzezhang/Downloads/量化回测分析/2026-06-03/RunMetadata10_03062026.json,RunMetadata10_03062026,ma_crossover,,,补齐报告证据：RunMetadata10_03062026 / ReportEvidence,重新导出包含 QuantLabReportEvidenceV1 的 Word 报告和 RunMetadata。,使用原报告样本区间；缺失时覆盖完整市场周期并记录起止日期。,沿用原 RunMetadata 成本假设；缺失时补充佣金、滑点、冲击成本、汇率或申赎费用。,按报告研究对象选择可复核基准,待验证,6785ff8e4f758cb5b0e9a83a780294a17e8fa0f39d11ed5363bcfcbcb004c52d
reportGapTask_103374afa4a44d1e268e,DataQuality,/Users/linzezhang/Downloads/量化回测分析/2026-06-03/BacktestReport18_03062026.docx,/Users/linzezhang/Downloads/量化回测分析/2026-06-03/RunMetadata10_03062026.json,RunMetadata10_03062026,ma_crossover,,,补齐报告证据：RunMetadata10_03062026 / DataQuality,补跑并保存数据质量检查，确认数据源、时间区间、缺失值和异常值。,使用原报告样本区间；缺失时覆盖完整市场周期并记录起止日期。,沿用原 RunMetadata 成本假设；缺失时补充佣金、滑点、冲击成本、汇率或申赎费用。,按报告研究对象选择可复核基准,待验证,7371f6ecedd217e6014e229033827d3308561078bea8091cadb72861c69e6ade
reportGapTask_cd437183bc0ce74153ac,CrossSourceValidation,/Users/linzezhang/Downloads/量化回测分析/2026-06-03/BacktestReport18_03062026.docx,/Users/linzezhang/Downloads/量化回测分析/2026-06-03/RunMetadata10_03062026.json,RunMetadata10_03062026,ma_crossover,,,补齐报告证据：RunMetadata10_03062026 / CrossSourceValidation,补跑多源交叉校验，比较至少两个可用真实数据源的关键价格。,使用原报告样本区间；缺失时覆盖完整市场周期并记录起止日期。,沿用原 RunMetadata 成本假设；缺失时补充佣金、滑点、冲击成本、汇率或申赎费用。,按报告研究对象选择可复核基准,待验证,d5e9492e4249b5ea13dc8b024816e987c65cb6cb45ae5512bb00481a8a177a4a
reportGapTask_5ffdf7e7561460e55fc8,RiskGate,/Users/linzezhang/Downloads/量化回测分析/2026-06-03/BacktestReport18_03062026.docx,/Users/linzezhang/Downloads/量化回测分析/2026-06-03/RunMetadata10_03062026.json,RunMetadata10_03062026,ma_crossover,,,补齐报告证据：RunMetadata10_03062026 / RiskGate,重建研究风险闸门，覆盖收益、回撤、成本、稳定性、样本外和停用条件。,使用原报告样本区间；缺失时覆盖完整市场周期并记录起止日期。,沿用原 RunMetadata 成本假设；缺失时补充佣金、滑点、冲击成本、汇率或申赎费用。,按报告研究对象选择可复核基准,待验证,e32fd98c8b6c1e47a73b22282e53e0cb7b7b98b0edc4e183fd11a983d2dc13a6
reportGapTask_8672a0fc524ff1fcd06a,DecisionQuality,/Users/linzezhang/Downloads/量化回测分析/2026-06-03/BacktestReport18_03062026.docx,/Users/linzezhang/Downloads/量化回测分析/2026-06-03/RunMetadata10_03062026.json,RunMetadata10_03062026,ma_crossover,,,补齐报告证据：RunMetadata10_03062026 / DecisionQuality,补齐 Decision Quality，包括 Thesis、证据、风险、反方观点和退出条件。,使用原报告样本区间；缺失时覆盖完整市场周期并记录起止日期。,沿用原 RunMetadata 成本假设；缺失时补充佣金、滑点、冲击成本、汇率或申赎费用。,按报告研究对象选择可复核基准,待验证,11ea8624c5b88e04bf0a0e683b694dcf4b8c9f924590acdef8d41d0a4ddf7693
reportGapTask_9560fac6f7b3c7807c08,ReportEvidence,/Users/linzezhang/Downloads/量化回测分析/2026-06-03/BacktestReport18_03062026.docx,/Users/linzezhang/Downloads/量化回测分析/2026-06-03/RunMetadata9_03062026.json,RunMetadata9_03062026,ma_crossover,,,补齐报告证据：RunMetadata9_03062026 / ReportEvidence,重新导出包含 QuantLabReportEvidenceV1 的 Word 报告和 RunMetadata。,使用原报告样本区间；缺失时覆盖完整市场周期并记录起止日期。,沿用原 RunMetadata 成本假设；缺失时补充佣金、滑点、冲击成本、汇率或申赎费用。,按报告研究对象选择可复核基准,待验证,02245220bbcf9703d0a61e33a0f36f0623de6345da1170a10d4660d3dc4a2fff
reportGapTask_5128ac162d6affb81da8,DataQuality,/Users/linzezhang/Downloads/量化回测分析/2026-06-03/BacktestReport18_03062026.docx,/Users/linzezhang/Downloads/量化回测分析/2026-06-03/RunMetadata9_03062026.json,RunMetadata9_03062026,ma_crossover,,,补齐报告证据：RunMetadata9_03062026 / DataQuality,补跑并保存数据质量检查，确认数据源、时间区间、缺失值和异常值。,使用原报告样本区间；缺失时覆盖完整市场周期并记录起止日期。,沿用原 RunMetadata 成本假设；缺失时补充佣金、滑点、冲击成本、汇率或申赎费用。,按报告研究对象选择可复核基准,待验证,a97469b667a197e53888bf8602c2ee90e4adb6bbbc2fcdb7a633a43bacdc5e04
reportGapTask_c381273006494badfbc2,CrossSourceValidation,/Users/linzezhang/Downloads/量化回测分析/2026-06-03/BacktestReport18_03062026.docx,/Users/linzezhang/Downloads/量化回测分析/2026-06-03/RunMetadata9_03062026.json,RunMetadata9_03062026,ma_crossover,,,补齐报告证据：RunMetadata9_03062026 / CrossSourceValidation,补跑多源交叉校验，比较至少两个可用真实数据源的关键价格。,使用原报告样本区间；缺失时覆盖完整市场周期并记录起止日期。,沿用原 RunMetadata 成本假设；缺失时补充佣金、滑点、冲击成本、汇率或申赎费用。,按报告研究对象选择可复核基准,待验证,ea55a57c4652ce5914e232a4021674edf4005351c10af943ecebcb1c9d75f87b
reportGapTask_8d91cfb4c88ebb5e45d0,RiskGate,/Users/linzezhang/Downloads/量化回测分析/2026-06-03/BacktestReport18_03062026.docx,/Users/linzezhang/Downloads/量化回测分析/2026-06-03/RunMetadata9_03062026.json,RunMetadata9_03062026,ma_crossover,,,补齐报告证据：RunMetadata9_03062026 / RiskGate,重建研究风险闸门，覆盖收益、回撤、成本、稳定性、样本外和停用条件。,使用原报告样本区间；缺失时覆盖完整市场周期并记录起止日期。,沿用原 RunMetadata 成本假设；缺失时补充佣金、滑点、冲击成本、汇率或申赎费用。,按报告研究对象选择可复核基准,待验证,8ae239d4c6f38d1f832285107f1447369b99392799e04a7a23499b799603d425
reportGapTask_12f5209d22e8925ffb5a,DecisionQuality,/Users/linzezhang/Downloads/量化回测分析/2026-06-03/BacktestReport18_03062026.docx,/Users/linzezhang/Downloads/量化回测分析/2026-06-03/RunMetadata9_03062026.json,RunMetadata9_03062026,ma_crossover,,,补齐报告证据：RunMetadata9_03062026 / DecisionQuality,补齐 Decision Quality，包括 Thesis、证据、风险、反方观点和退出条件。,使用原报告样本区间；缺失时覆盖完整市场周期并记录起止日期。,沿用原 RunMetadata 成本假设；缺失时补充佣金、滑点、冲击成本、汇率或申赎费用。,按报告研究对象选择可复核基准,待验证,a4ee518bb3265d86c007077360fa04c6205493f94d1f367b391aa2df1d0177c4
reportGapTask_186573b0f1329e452cd3,ReportEvidence,/Users/linzezhang/Downloads/量化回测分析/2026-06-03/BacktestReport18_03062026.docx,/Users/linzezhang/Downloads/量化回测分析/2026-06-03/RunMetadata8_03062026.json,RunMetadata8_03062026,ma_crossover,,,补齐报告证据：RunMetadata8_03062026 / ReportEvidence,重新导出包含 QuantLabReportEvidenceV1 的 Word 报告和 RunMetadata。,使用原报告样本区间；缺失时覆盖完整市场周期并记录起止日期。,沿用原 RunMetadata 成本假设；缺失时补充佣金、滑点、冲击成本、汇率或申赎费用。,按报告研究对象选择可复核基准,待验证,eb5bf476657c9079c191d328cb8840254b8b2fc027aaecc7495bdc3abc528067
reportGapTask_1076031a08aa4f94ec7a,DataQuality,/Users/linzezhang/Downloads/量化回测分析/2026-06-03/BacktestReport18_03062026.docx,/Users/linzezhang/Downloads/量化回测分析/2026-06-03/RunMetadata8_03062026.json,RunMetadata8_03062026,ma_crossover,,,补齐报告证据：RunMetadata8_03062026 / DataQuality,补跑并保存数据质量检查，确认数据源、时间区间、缺失值和异常值。,使用原报告样本区间；缺失时覆盖完整市场周期并记录起止日期。,沿用原 RunMetadata 成本假设；缺失时补充佣金、滑点、冲击成本、汇率或申赎费用。,按报告研究对象选择可复核基准,待验证,12e9701902f3171f138adc7595851b89418d23e9ee9de23cba674558a43c5a76
reportGapTask_a2618b880d776c30457a,CrossSourceValidation,/Users/linzezhang/Downloads/量化回测分析/2026-06-03/BacktestReport18_03062026.docx,/Users/linzezhang/Downloads/量化回测分析/2026-06-03/RunMetadata8_03062026.json,RunMetadata8_03062026,ma_crossover,,,补齐报告证据：RunMetadata8_03062026 / CrossSourceValidation,补跑多源交叉校验，比较至少两个可用真实数据源的关键价格。,使用原报告样本区间；缺失时覆盖完整市场周期并记录起止日期。,沿用原 RunMetadata 成本假设；缺失时补充佣金、滑点、冲击成本、汇率或申赎费用。,按报告研究对象选择可复核基准,待验证,ad604fdac78b0a93bf9964b234b51deb73ccaf4388141fcbe3a03cf79399d548
reportGapTask_d1c766a496b389fe122f,RiskGate,/Users/linzezhang/Downloads/量化回测分析/2026-06-03/BacktestReport18_03062026.docx,/Users/linzezhang/Downloads/量化回测分析/2026-06-03/RunMetadata8_03062026.json,RunMetadata8_03062026,ma_crossover,,,补齐报告证据：RunMetadata8_03062026 / RiskGate,重建研究风险闸门，覆盖收益、回撤、成本、稳定性、样本外和停用条件。,使用原报告样本区间；缺失时覆盖完整市场周期并记录起止日期。,沿用原 RunMetadata 成本假设；缺失时补充佣金、滑点、冲击成本、汇率或申赎费用。,按报告研究对象选择可复核基准,待验证,19079dd6fc443fa89d7979158ceb46f669f9fba670fe36e5e8de1efae79f7ed3
reportGapTask_d125f7ab4b665e9e3e24,DecisionQuality,/Users/linzezhang/Downloads/量化回测分析/2026-06-03/BacktestReport18_03062026.docx,/Users/linzezhang/Downloads/量化回测分析/2026-06-03/RunMetadata8_03062026.json,RunMetadata8_03062026,ma_crossover,,,补齐报告证据：RunMetadata8_03062026 / DecisionQuality,补齐 Decision Quality，包括 Thesis、证据、风险、反方观点和退出条件。,使用原报告样本区间；缺失时覆盖完整市场周期并记录起止日期。,沿用原 RunMetadata 成本假设；缺失时补充佣金、滑点、冲击成本、汇率或申赎费用。,按报告研究对象选择可复核基准,待验证,93a5b6ee0f9bd57b30696c78479718b28d4d7134eadd6e6425d991aee7bd5abd
reportGapTask_a6523e16ccfa91ae0e46,ReportEvidence,/Users/linzezhang/Downloads/量化回测分析/2026-06-03/BacktestReport18_03062026.docx,/Users/linzezhang/Downloads/量化回测分析/2026-06-03/RunMetadata7_03062026.json,RunMetadata7_03062026,ma_crossover,,,补齐报告证据：RunMetadata7_03062026 / ReportEvidence,重新导出包含 QuantLabReportEvidenceV1 的 Word 报告和 RunMetadata。,使用原报告样本区间；缺失时覆盖完整市场周期并记录起止日期。,沿用原 RunMetadata 成本假设；缺失时补充佣金、滑点、冲击成本、汇率或申赎费用。,按报告研究对象选择可复核基准,待验证,7e0db1d04c96f614d770c32006260cfccd5cd0b9bab6ed926729065ce2c9ccd9
reportGapTask_92752375944743a1e8d0,DataQuality,/Users/linzezhang/Downloads/量化回测分析/2026-06-03/BacktestReport18_03062026.docx,/Users/linzezhang/Downloads/量化回测分析/2026-06-03/RunMetadata7_03062026.json,RunMetadata7_03062026,ma_crossover,,,补齐报告证据：RunMetadata7_03062026 / DataQuality,补跑并保存数据质量检查，确认数据源、时间区间、缺失值和异常值。,使用原报告样本区间；缺失时覆盖完整市场周期并记录起止日期。,沿用原 RunMetadata 成本假设；缺失时补充佣金、滑点、冲击成本、汇率或申赎费用。,按报告研究对象选择可复核基准,待验证,66f059e49b92283124485c47e266ed9dabefa0ad9679b6adb08f0d4e8a7b0b5b
reportGapTask_5c0e8776beb302487725,CrossSourceValidation,/Users/linzezhang/Downloads/量化回测分析/2026-06-03/BacktestReport18_03062026.docx,/Users/linzezhang/Downloads/量化回测分析/2026-06-03/RunMetadata7_03062026.json,RunMetadata7_03062026,ma_crossover,,,补齐报告证据：RunMetadata7_03062026 / CrossSourceValidation,补跑多源交叉校验，比较至少两个可用真实数据源的关键价格。,使用原报告样本区间；缺失时覆盖完整市场周期并记录起止日期。,沿用原 RunMetadata 成本假设；缺失时补充佣金、滑点、冲击成本、汇率或申赎费用。,按报告研究对象选择可复核基准,待验证,b09f9efbeba2417e12d75aba01b9dde224eca284f68bc61a9389bcc0c56dd323
reportGapTask_b0c509076756ec3e9c67,RiskGate,/Users/linzezhang/Downloads/量化回测分析/2026-06-03/BacktestReport18_03062026.docx,/Users/linzezhang/Downloads/量化回测分析/2026-06-03/RunMetadata7_03062026.json,RunMetadata7_03062026,ma_crossover,,,补齐报告证据：RunMetadata7_03062026 / RiskGate,重建研究风险闸门，覆盖收益、回撤、成本、稳定性、样本外和停用条件。,使用原报告样本区间；缺失时覆盖完整市场周期并记录起止日期。,沿用原 RunMetadata 成本假设；缺失时补充佣金、滑点、冲击成本、汇率或申赎费用。,按报告研究对象选择可复核基准,待验证,aad60c2cd6fcb3180bccd2cdba6e8bfce821dfdd4207f6545c4e95b53b1ea5c3
reportGapTask_d574b69fc073591c7818,DecisionQuality,/Users/linzezhang/Downloads/量化回测分析/2026-06-03/BacktestReport18_03062026.docx,/Users/linzezhang/Downloads/量化回测分析/2026-06-03/RunMetadata7_03062026.json,RunMetadata7_03062026,ma_crossover,,,补齐报告证据：RunMetadata7_03062026 / DecisionQuality,补齐 Decision Quality，包括 Thesis、证据、风险、反方观点和退出条件。,使用原报告样本区间；缺失时覆盖完整市场周期并记录起止日期。,沿用原 RunMetadata 成本假设；缺失时补充佣金、滑点、冲击成本、汇率或申赎费用。,按报告研究对象选择可复核基准,待验证,cda8529aefbd03f6efe77b4b4367d694c5b4227081a3edfe098dd889ae0303ba
reportGapTask_2eb5bea47b4fceace46f,ReportEvidence,/Users/linzezhang/Downloads/量化回测分析/2026-06-03/BacktestReport18_03062026.docx,/Users/linzezhang/Downloads/量化回测分析/2026-06-03/RunMetadata6_03062026.json,RunMetadata6_03062026,ma_crossover,,,补齐报告证据：RunMetadata6_03062026 / ReportEvidence,重新导出包含 QuantLabReportEvidenceV1 的 Word 报告和 RunMetadata。,使用原报告样本区间；缺失时覆盖完整市场周期并记录起止日期。,沿用原 RunMetadata 成本假设；缺失时补充佣金、滑点、冲击成本、汇率或申赎费用。,按报告研究对象选择可复核基准,待验证,4f5fb77343bdc10027a574d44f75868519088268e1f4a7a2f48ed2b6697cbb65
reportGapTask_863b32110093e043f7df,DataQuality,/Users/linzezhang/Downloads/量化回测分析/2026-06-03/BacktestReport18_03062026.docx,/Users/linzezhang/Downloads/量化回测分析/2026-06-03/RunMetadata6_03062026.json,RunMetadata6_03062026,ma_crossover,,,补齐报告证据：RunMetadata6_03062026 / DataQuality,补跑并保存数据质量检查，确认数据源、时间区间、缺失值和异常值。,使用原报告样本区间；缺失时覆盖完整市场周期并记录起止日期。,沿用原 RunMetadata 成本假设；缺失时补充佣金、滑点、冲击成本、汇率或申赎费用。,按报告研究对象选择可复核基准,待验证,3c64eb5db6525daa3f798351201f7536729ddd4afc7dcdc452acbbf762258070
reportGapTask_ccb56dd338a3da64ee8a,CrossSourceValidation,/Users/linzezhang/Downloads/量化回测分析/2026-06-03/BacktestReport18_03062026.docx,/Users/linzezhang/Downloads/量化回测分析/2026-06-03/RunMetadata6_03062026.json,RunMetadata6_03062026,ma_crossover,,,补齐报告证据：RunMetadata6_03062026 / CrossSourceValidation,补跑多源交叉校验，比较至少两个可用真实数据源的关键价格。,使用原报告样本区间；缺失时覆盖完整市场周期并记录起止日期。,沿用原 RunMetadata 成本假设；缺失时补充佣金、滑点、冲击成本、汇率或申赎费用。,按报告研究对象选择可复核基准,待验证,88acc051bf31647ed8e585ed53ec72a7303b1b5a4dcf06d6f316e2821ec7dafb
reportGapTask_0deb2e2f37503841428e,RiskGate,/Users/linzezhang/Downloads/量化回测分析/2026-06-03/BacktestReport18_03062026.docx,/Users/linzezhang/Downloads/量化回测分析/2026-06-03/RunMetadata6_03062026.json,RunMetadata6_03062026,ma_crossover,,,补齐报告证据：RunMetadata6_03062026 / RiskGate,重建研究风险闸门，覆盖收益、回撤、成本、稳定性、样本外和停用条件。,使用原报告样本区间；缺失时覆盖完整市场周期并记录起止日期。,沿用原 RunMetadata 成本假设；缺失时补充佣金、滑点、冲击成本、汇率或申赎费用。,按报告研究对象选择可复核基准,待验证,40becca2e1c0f56614b2c4b86710472a780b35bd1f31e7c4c1f4d6db6674cdd2
reportGapTask_d60dee86da5c2a2a831b,DecisionQuality,/Users/linzezhang/Downloads/量化回测分析/2026-06-03/BacktestReport18_03062026.docx,/Users/linzezhang/Downloads/量化回测分析/2026-06-03/RunMetadata6_03062026.json,RunMetadata6_03062026,ma_crossover,,,补齐报告证据：RunMetadata6_03062026 / DecisionQuality,补齐 Decision Quality，包括 Thesis、证据、风险、反方观点和退出条件。,使用原报告样本区间；缺失时覆盖完整市场周期并记录起止日期。,沿用原 RunMetadata 成本假设；缺失时补充佣金、滑点、冲击成本、汇率或申赎费用。,按报告研究对象选择可复核基准,待验证,77ce9dd50ddf2d29d3feecd6fa8e58ad0423b491772e4f96628d5df0ebdc54ce
reportGapTask_89eda18bcd481f67323e,ReportEvidence,/Users/linzezhang/Downloads/量化回测分析/2026-06-03/BacktestReport18_03062026.docx,/Users/linzezhang/Downloads/量化回测分析/2026-06-03/RunMetadata5_03062026.json,RunMetadata5_03062026,ma_crossover,,,补齐报告证据：RunMetadata5_03062026 / ReportEvidence,重新导出包含 QuantLabReportEvidenceV1 的 Word 报告和 RunMetadata。,使用原报告样本区间；缺失时覆盖完整市场周期并记录起止日期。,沿用原 RunMetadata 成本假设；缺失时补充佣金、滑点、冲击成本、汇率或申赎费用。,按报告研究对象选择可复核基准,待验证,1d13332031ed60be024a01e44076e082f92e1cbd66576d8df61414ff701efae1
reportGapTask_56574ce95b3ef5f5e08c,DataQuality,/Users/linzezhang/Downloads/量化回测分析/2026-06-03/BacktestReport18_03062026.docx,/Users/linzezhang/Downloads/量化回测分析/2026-06-03/RunMetadata5_03062026.json,RunMetadata5_03062026,ma_crossover,,,补齐报告证据：RunMetadata5_03062026 / DataQuality,补跑并保存数据质量检查，确认数据源、时间区间、缺失值和异常值。,使用原报告样本区间；缺失时覆盖完整市场周期并记录起止日期。,沿用原 RunMetadata 成本假设；缺失时补充佣金、滑点、冲击成本、汇率或申赎费用。,按报告研究对象选择可复核基准,待验证,ea6e0c70df503dbf358927d05f6332966b7430512653a07dbe9119359fa9a49d
reportGapTask_264578139b1e610c5158,CrossSourceValidation,/Users/linzezhang/Downloads/量化回测分析/2026-06-03/BacktestReport18_03062026.docx,/Users/linzezhang/Downloads/量化回测分析/2026-06-03/RunMetadata5_03062026.json,RunMetadata5_03062026,ma_crossover,,,补齐报告证据：RunMetadata5_03062026 / CrossSourceValidation,补跑多源交叉校验，比较至少两个可用真实数据源的关键价格。,使用原报告样本区间；缺失时覆盖完整市场周期并记录起止日期。,沿用原 RunMetadata 成本假设；缺失时补充佣金、滑点、冲击成本、汇率或申赎费用。,按报告研究对象选择可复核基准,待验证,0af1e222e7823e17238420162440945da8463fc1de5b1dcb9444f7eb33fddd0e
reportGapTask_23f77c7f6b6b8156557e,RiskGate,/Users/linzezhang/Downloads/量化回测分析/2026-06-03/BacktestReport18_03062026.docx,/Users/linzezhang/Downloads/量化回测分析/2026-06-03/RunMetadata5_03062026.json,RunMetadata5_03062026,ma_crossover,,,补齐报告证据：RunMetadata5_03062026 / RiskGate,重建研究风险闸门，覆盖收益、回撤、成本、稳定性、样本外和停用条件。,使用原报告样本区间；缺失时覆盖完整市场周期并记录起止日期。,沿用原 RunMetadata 成本假设；缺失时补充佣金、滑点、冲击成本、汇率或申赎费用。,按报告研究对象选择可复核基准,待验证,afff2e4d6a5e0e017032d2d314adb390b306069712bbfa61e6c788d03cc648bc
reportGapTask_5d33684094b7eb626033,DecisionQuality,/Users/linzezhang/Downloads/量化回测分析/2026-06-03/BacktestReport18_03062026.docx,/Users/linzezhang/Downloads/量化回测分析/2026-06-03/RunMetadata5_03062026.json,RunMetadata5_03062026,ma_crossover,,,补齐报告证据：RunMetadata5_03062026 / DecisionQuality,补齐 Decision Quality，包括 Thesis、证据、风险、反方观点和退出条件。,使用原报告样本区间；缺失时覆盖完整市场周期并记录起止日期。,沿用原 RunMetadata 成本假设；缺失时补充佣金、滑点、冲击成本、汇率或申赎费用。,按报告研究对象选择可复核基准,待验证,4d52b5075a35ee6dda9cab6575764a6eb1b35edfcfe22e46c09fc0708b26cf30
reportGapTask_849266791b18649d1524,ReportEvidence,/Users/linzezhang/Downloads/量化回测分析/2026-06-03/BacktestReport18_03062026.docx,/Users/linzezhang/Downloads/量化回测分析/2026-06-03/RunMetadata_20260603_072231.json,RunMetadata_20260603_072231,ma_crossover,,,补齐报告证据：RunMetadata_20260603_072231 / ReportEvidence,重新导出包含 QuantLabReportEvidenceV1 的 Word 报告和 RunMetadata。,使用原报告样本区间；缺失时覆盖完整市场周期并记录起止日期。,沿用原 RunMetadata 成本假设；缺失时补充佣金、滑点、冲击成本、汇率或申赎费用。,按报告研究对象选择可复核基准,待验证,73b1d58c8427b9934aebdb236c44db9a6973a6e4feb43273d7e2b3752ab249c6
reportGapTask_2981ea829b795492a7df,DataQuality,/Users/linzezhang/Downloads/量化回测分析/2026-06-03/BacktestReport18_03062026.docx,/Users/linzezhang/Downloads/量化回测分析/2026-06-03/RunMetadata_20260603_072231.json,RunMetadata_20260603_072231,ma_crossover,,,补齐报告证据：RunMetadata_20260603_072231 / DataQuality,补跑并保存数据质量检查，确认数据源、时间区间、缺失值和异常值。,使用原报告样本区间；缺失时覆盖完整市场周期并记录起止日期。,沿用原 RunMetadata 成本假设；缺失时补充佣金、滑点、冲击成本、汇率或申赎费用。,按报告研究对象选择可复核基准,待验证,baa5245a5eb945630fcc42e1bebb36617c900bed0fbe57ce4ec8966617fd4579
reportGapTask_08789ecec7324e1acbad,CrossSourceValidation,/Users/linzezhang/Downloads/量化回测分析/2026-06-03/BacktestReport18_03062026.docx,/Users/linzezhang/Downloads/量化回测分析/2026-06-03/RunMetadata_20260603_072231.json,RunMetadata_20260603_072231,ma_crossover,,,补齐报告证据：RunMetadata_20260603_072231 / CrossSourceValidation,补跑多源交叉校验，比较至少两个可用真实数据源的关键价格。,使用原报告样本区间；缺失时覆盖完整市场周期并记录起止日期。,沿用原 RunMetadata 成本假设；缺失时补充佣金、滑点、冲击成本、汇率或申赎费用。,按报告研究对象选择可复核基准,待验证,bff85f8bfc747c70a0c1d6eda85c0cfda1167851b3d97bd6eb1c9bf33879e346
reportGapTask_50ca87e5442e6fdfcf16,RiskGate,/Users/linzezhang/Downloads/量化回测分析/2026-06-03/BacktestReport18_03062026.docx,/Users/linzezhang/Downloads/量化回测分析/2026-06-03/RunMetadata_20260603_072231.json,RunMetadata_20260603_072231,ma_crossover,,,补齐报告证据：RunMetadata_20260603_072231 / RiskGate,重建研究风险闸门，覆盖收益、回撤、成本、稳定性、样本外和停用条件。,使用原报告样本区间；缺失时覆盖完整市场周期并记录起止日期。,沿用原 RunMetadata 成本假设；缺失时补充佣金、滑点、冲击成本、汇率或申赎费用。,按报告研究对象选择可复核基准,待验证,a5245705161f542bdb8b594726e621f2db3eb0bd5e0837f0c74213a3cde0fb30
reportGapTask_5bf065a7bd55d881fd07,DecisionQuality,/Users/linzezhang/Downloads/量化回测分析/2026-06-03/BacktestReport18_03062026.docx,/Users/linzezhang/Downloads/量化回测分析/2026-06-03/RunMetadata_20260603_072231.json,RunMetadata_20260603_072231,ma_crossover,,,补齐报告证据：RunMetadata_20260603_072231 / DecisionQuality,补齐 Decision Quality，包括 Thesis、证据、风险、反方观点和退出条件。,使用原报告样本区间；缺失时覆盖完整市场周期并记录起止日期。,沿用原 RunMetadata 成本假设；缺失时补充佣金、滑点、冲击成本、汇率或申赎费用。,按报告研究对象选择可复核基准,待验证,ffa046a5a19e02e9db3c7bd80d03c86314fcd3b5d5e7de657bb393b4a1a8a5a9
reportGapTask_e7bc1bbcb50a5a7a377d,ReportEvidence,/Users/linzezhang/Downloads/量化回测分析/2026-06-03/BacktestReport18_03062026.docx,/Users/linzezhang/Downloads/量化回测分析/2026-06-03/RunMetadata_20260603_072157.json,RunMetadata_20260603_072157,ma_crossover,,,补齐报告证据：RunMetadata_20260603_072157 / ReportEvidence,重新导出包含 QuantLabReportEvidenceV1 的 Word 报告和 RunMetadata。,使用原报告样本区间；缺失时覆盖完整市场周期并记录起止日期。,沿用原 RunMetadata 成本假设；缺失时补充佣金、滑点、冲击成本、汇率或申赎费用。,按报告研究对象选择可复核基准,待验证,88b8b1ff729cd86d0b2e538c2f8f6dfbb6428582267f34892da7594eb25cb06c
reportGapTask_4d4d32a1d9ba6556e5cb,DataQuality,/Users/linzezhang/Downloads/量化回测分析/2026-06-03/BacktestReport18_03062026.docx,/Users/linzezhang/Downloads/量化回测分析/2026-06-03/RunMetadata_20260603_072157.json,RunMetadata_20260603_072157,ma_crossover,,,补齐报告证据：RunMetadata_20260603_072157 / DataQuality,补跑并保存数据质量检查，确认数据源、时间区间、缺失值和异常值。,使用原报告样本区间；缺失时覆盖完整市场周期并记录起止日期。,沿用原 RunMetadata 成本假设；缺失时补充佣金、滑点、冲击成本、汇率或申赎费用。,按报告研究对象选择可复核基准,待验证,ad7a5371663a59e3410314c6618102b3a3433a610b3832d020c68681abda4e27
reportGapTask_b0d9e1966b6e990e4350,CrossSourceValidation,/Users/linzezhang/Downloads/量化回测分析/2026-06-03/BacktestReport18_03062026.docx,/Users/linzezhang/Downloads/量化回测分析/2026-06-03/RunMetadata_20260603_072157.json,RunMetadata_20260603_072157,ma_crossover,,,补齐报告证据：RunMetadata_20260603_072157 / CrossSourceValidation,补跑多源交叉校验，比较至少两个可用真实数据源的关键价格。,使用原报告样本区间；缺失时覆盖完整市场周期并记录起止日期。,沿用原 RunMetadata 成本假设；缺失时补充佣金、滑点、冲击成本、汇率或申赎费用。,按报告研究对象选择可复核基准,待验证,39bb220b9cee486531c6dc0702dab901687c12d26590046ec0b4e47041e7a37d
reportGapTask_3a6da31948f7fe387251,RiskGate,/Users/linzezhang/Downloads/量化回测分析/2026-06-03/BacktestReport18_03062026.docx,/Users/linzezhang/Downloads/量化回测分析/2026-06-03/RunMetadata_20260603_072157.json,RunMetadata_20260603_072157,ma_crossover,,,补齐报告证据：RunMetadata_20260603_072157 / RiskGate,重建研究风险闸门，覆盖收益、回撤、成本、稳定性、样本外和停用条件。,使用原报告样本区间；缺失时覆盖完整市场周期并记录起止日期。,沿用原 RunMetadata 成本假设；缺失时补充佣金、滑点、冲击成本、汇率或申赎费用。,按报告研究对象选择可复核基准,待验证,4b7d349d86765cb1783e48a72a7525f86587c84705a370983f16494e4c7c1877
reportGapTask_e858006f681bb43eff76,DecisionQuality,/Users/linzezhang/Downloads/量化回测分析/2026-06-03/BacktestReport18_03062026.docx,/Users/linzezhang/Downloads/量化回测分析/2026-06-03/RunMetadata_20260603_072157.json,RunMetadata_20260603_072157,ma_crossover,,,补齐报告证据：RunMetadata_20260603_072157 / DecisionQuality,补齐 Decision Quality，包括 Thesis、证据、风险、反方观点和退出条件。,使用原报告样本区间；缺失时覆盖完整市场周期并记录起止日期。,沿用原 RunMetadata 成本假设；缺失时补充佣金、滑点、冲击成本、汇率或申赎费用。,按报告研究对象选择可复核基准,待验证,7ee6278d562806adec6e4aff0f68eaba84ed2af41ffbce1836d8b1b610e20e7e
reportGapTask_137c8cd1a39c53832d96,ReportEvidence,/Users/linzezhang/Downloads/量化回测分析/2026-06-03/BacktestReport18_03062026.docx,/Users/linzezhang/Downloads/量化回测分析/2026-06-03/RunMetadata_20260603_071220.json,RunMetadata_20260603_071220,ma_crossover,,,补齐报告证据：RunMetadata_20260603_071220 / ReportEvidence,重新导出包含 QuantLabReportEvidenceV1 的 Word 报告和 RunMetadata。,使用原报告样本区间；缺失时覆盖完整市场周期并记录起止日期。,沿用原 RunMetadata 成本假设；缺失时补充佣金、滑点、冲击成本、汇率或申赎费用。,按报告研究对象选择可复核基准,待验证,d248f80cba548662af48bb84d617240f3329a473a4342b74484519d5507ada9b
reportGapTask_bbf3ca57d10723083381,DataQuality,/Users/linzezhang/Downloads/量化回测分析/2026-06-03/BacktestReport18_03062026.docx,/Users/linzezhang/Downloads/量化回测分析/2026-06-03/RunMetadata_20260603_071220.json,RunMetadata_20260603_071220,ma_crossover,,,补齐报告证据：RunMetadata_20260603_071220 / DataQuality,补跑并保存数据质量检查，确认数据源、时间区间、缺失值和异常值。,使用原报告样本区间；缺失时覆盖完整市场周期并记录起止日期。,沿用原 RunMetadata 成本假设；缺失时补充佣金、滑点、冲击成本、汇率或申赎费用。,按报告研究对象选择可复核基准,待验证,18307d06eac1181690af05a8f36567a500844cb02042ce2617faf40830fa3de0
reportGapTask_dcd4aa37c99c2e22a9ef,CrossSourceValidation,/Users/linzezhang/Downloads/量化回测分析/2026-06-03/BacktestReport18_03062026.docx,/Users/linzezhang/Downloads/量化回测分析/2026-06-03/RunMetadata_20260603_071220.json,RunMetadata_20260603_071220,ma_crossover,,,补齐报告证据：RunMetadata_20260603_071220 / CrossSourceValidation,补跑多源交叉校验，比较至少两个可用真实数据源的关键价格。,使用原报告样本区间；缺失时覆盖完整市场周期并记录起止日期。,沿用原 RunMetadata 成本假设；缺失时补充佣金、滑点、冲击成本、汇率或申赎费用。,按报告研究对象选择可复核基准,待验证,fab285305d9c4c777c68a5463994c489a3a2bc04c5af5709e7e5ced985fa718a
reportGapTask_b12e590751ed3a6afde6,RiskGate,/Users/linzezhang/Downloads/量化回测分析/2026-06-03/BacktestReport18_03062026.docx,/Users/linzezhang/Downloads/量化回测分析/2026-06-03/RunMetadata_20260603_071220.json,RunMetadata_20260603_071220,ma_crossover,,,补齐报告证据：RunMetadata_20260603_071220 / RiskGate,重建研究风险闸门，覆盖收益、回撤、成本、稳定性、样本外和停用条件。,使用原报告样本区间；缺失时覆盖完整市场周期并记录起止日期。,沿用原 RunMetadata 成本假设；缺失时补充佣金、滑点、冲击成本、汇率或申赎费用。,按报告研究对象选择可复核基准,待验证,ad54e5654b2cdbf0510ce49f5ace9638bde5014c587c9028db64d2ac08b44c1f
reportGapTask_5d7548ec446082b6c718,DecisionQuality,/Users/linzezhang/Downloads/量化回测分析/2026-06-03/BacktestReport18_03062026.docx,/Users/linzezhang/Downloads/量化回测分析/2026-06-03/RunMetadata_20260603_071220.json,RunMetadata_20260603_071220,ma_crossover,,,补齐报告证据：RunMetadata_20260603_071220 / DecisionQuality,补齐 Decision Quality，包括 Thesis、证据、风险、反方观点和退出条件。,使用原报告样本区间；缺失时覆盖完整市场周期并记录起止日期。,沿用原 RunMetadata 成本假设；缺失时补充佣金、滑点、冲击成本、汇率或申赎费用。,按报告研究对象选择可复核基准,待验证,c4de07ac7146c713dfa0ddff0a9ac624e8b59e35814258c6cbfa18dbfc7e0a47
reportGapTask_98f31098ffb86dbede79,ReportEvidence,/Users/linzezhang/Downloads/量化回测分析/2026-06-03/BacktestReport18_03062026.docx,/Users/linzezhang/Downloads/量化回测分析/2026-06-03/RunMetadata_20260603_071130.json,RunMetadata_20260603_071130,ma_crossover,,,补齐报告证据：RunMetadata_20260603_071130 / ReportEvidence,重新导出包含 QuantLabReportEvidenceV1 的 Word 报告和 RunMetadata。,使用原报告样本区间；缺失时覆盖完整市场周期并记录起止日期。,沿用原 RunMetadata 成本假设；缺失时补充佣金、滑点、冲击成本、汇率或申赎费用。,按报告研究对象选择可复核基准,待验证,2108599fec7d10c872b0c506e29ae9417e572ef39bbae5085ace5857d38dff0f
reportGapTask_73142862d3198e4daf0f,DataQuality,/Users/linzezhang/Downloads/量化回测分析/2026-06-03/BacktestReport18_03062026.docx,/Users/linzezhang/Downloads/量化回测分析/2026-06-03/RunMetadata_20260603_071130.json,RunMetadata_20260603_071130,ma_crossover,,,补齐报告证据：RunMetadata_20260603_071130 / DataQuality,补跑并保存数据质量检查，确认数据源、时间区间、缺失值和异常值。,使用原报告样本区间；缺失时覆盖完整市场周期并记录起止日期。,沿用原 RunMetadata 成本假设；缺失时补充佣金、滑点、冲击成本、汇率或申赎费用。,按报告研究对象选择可复核基准,待验证,756d98b9c77e62cbc81b9a0f2f374243cc008897de3cdf19ddaa55c8e46bc141
reportGapTask_8e700ce8e464316c2055,CrossSourceValidation,/Users/linzezhang/Downloads/量化回测分析/2026-06-03/BacktestReport18_03062026.docx,/Users/linzezhang/Downloads/量化回测分析/2026-06-03/RunMetadata_20260603_071130.json,RunMetadata_20260603_071130,ma_crossover,,,补齐报告证据：RunMetadata_20260603_071130 / CrossSourceValidation,补跑多源交叉校验，比较至少两个可用真实数据源的关键价格。,使用原报告样本区间；缺失时覆盖完整市场周期并记录起止日期。,沿用原 RunMetadata 成本假设；缺失时补充佣金、滑点、冲击成本、汇率或申赎费用。,按报告研究对象选择可复核基准,待验证,da3e8709282514a918819483ce58e226504de75f5f993203ba8182e8d4538f01
reportGapTask_a597154c68c0155fe89e,RiskGate,/Users/linzezhang/Downloads/量化回测分析/2026-06-03/BacktestReport18_03062026.docx,/Users/linzezhang/Downloads/量化回测分析/2026-06-03/RunMetadata_20260603_071130.json,RunMetadata_20260603_071130,ma_crossover,,,补齐报告证据：RunMetadata_20260603_071130 / RiskGate,重建研究风险闸门，覆盖收益、回撤、成本、稳定性、样本外和停用条件。,使用原报告样本区间；缺失时覆盖完整市场周期并记录起止日期。,沿用原 RunMetadata 成本假设；缺失时补充佣金、滑点、冲击成本、汇率或申赎费用。,按报告研究对象选择可复核基准,待验证,1aca2e56cdb2dd6491118d5bdd395fc63826d9b5b78bf36111fa941c1fefbbb9
reportGapTask_ea954e4761148786693a,DecisionQuality,/Users/linzezhang/Downloads/量化回测分析/2026-06-03/BacktestReport18_03062026.docx,/Users/linzezhang/Downloads/量化回测分析/2026-06-03/RunMetadata_20260603_071130.json,RunMetadata_20260603_071130,ma_crossover,,,补齐报告证据：RunMetadata_20260603_071130 / DecisionQuality,补齐 Decision Quality，包括 Thesis、证据、风险、反方观点和退出条件。,使用原报告样本区间；缺失时覆盖完整市场周期并记录起止日期。,沿用原 RunMetadata 成本假设；缺失时补充佣金、滑点、冲击成本、汇率或申赎费用。,按报告研究对象选择可复核基准,待验证,63b8949c793ab20fae42674fe447fbfda2a36827cfbc280fe1be8d5d18960e25
reportGapTask_ae4188ec1d1a1ed53dee,ReportEvidence,/Users/linzezhang/Downloads/量化回测分析/2026-06-03/BacktestReport18_03062026.docx,/Users/linzezhang/Downloads/量化回测分析/2026-06-03/RunMetadata_20260603_071032.json,RunMetadata_20260603_071032,ma_crossover,,,补齐报告证据：RunMetadata_20260603_071032 / ReportEvidence,重新导出包含 QuantLabReportEvidenceV1 的 Word 报告和 RunMetadata。,使用原报告样本区间；缺失时覆盖完整市场周期并记录起止日期。,沿用原 RunMetadata 成本假设；缺失时补充佣金、滑点、冲击成本、汇率或申赎费用。,按报告研究对象选择可复核基准,待验证,0ca61255ee5131c9a1fc31a05b6172d63aed516d879927b8eaad260f5ef28b7d
reportGapTask_4b0b1c67223e2c52e4c6,DataQuality,/Users/linzezhang/Downloads/量化回测分析/2026-06-03/BacktestReport18_03062026.docx,/Users/linzezhang/Downloads/量化回测分析/2026-06-03/RunMetadata_20260603_071032.json,RunMetadata_20260603_071032,ma_crossover,,,补齐报告证据：RunMetadata_20260603_071032 / DataQuality,补跑并保存数据质量检查，确认数据源、时间区间、缺失值和异常值。,使用原报告样本区间；缺失时覆盖完整市场周期并记录起止日期。,沿用原 RunMetadata 成本假设；缺失时补充佣金、滑点、冲击成本、汇率或申赎费用。,按报告研究对象选择可复核基准,待验证,95c260dce8e6ea6e8f1ea62feb402fe967ebf1ba0e0d3e1c22d88611731c03bb
reportGapTask_dafc763780eece8f9866,CrossSourceValidation,/Users/linzezhang/Downloads/量化回测分析/2026-06-03/BacktestReport18_03062026.docx,/Users/linzezhang/Downloads/量化回测分析/2026-06-03/RunMetadata_20260603_071032.json,RunMetadata_20260603_071032,ma_crossover,,,补齐报告证据：RunMetadata_20260603_071032 / CrossSourceValidation,补跑多源交叉校验，比较至少两个可用真实数据源的关键价格。,使用原报告样本区间；缺失时覆盖完整市场周期并记录起止日期。,沿用原 RunMetadata 成本假设；缺失时补充佣金、滑点、冲击成本、汇率或申赎费用。,按报告研究对象选择可复核基准,待验证,f08898b8d5f8928126034bc370f095e58c55748e7c475f681ad229a5d33e8718
reportGapTask_ac22a12350f072d56d0c,RiskGate,/Users/linzezhang/Downloads/量化回测分析/2026-06-03/BacktestReport18_03062026.docx,/Users/linzezhang/Downloads/量化回测分析/2026-06-03/RunMetadata_20260603_071032.json,RunMetadata_20260603_071032,ma_crossover,,,补齐报告证据：RunMetadata_20260603_071032 / RiskGate,重建研究风险闸门，覆盖收益、回撤、成本、稳定性、样本外和停用条件。,使用原报告样本区间；缺失时覆盖完整市场周期并记录起止日期。,沿用原 RunMetadata 成本假设；缺失时补充佣金、滑点、冲击成本、汇率或申赎费用。,按报告研究对象选择可复核基准,待验证,d7325fefc1b15fd10a91b28c7b29d74a2a17bc9da78b1635991ee89bd4e9d764
reportGapTask_b0a7086af3186f66a2de,DecisionQuality,/Users/linzezhang/Downloads/量化回测分析/2026-06-03/BacktestReport18_03062026.docx,/Users/linzezhang/Downloads/量化回测分析/2026-06-03/RunMetadata_20260603_071032.json,RunMetadata_20260603_071032,ma_crossover,,,补齐报告证据：RunMetadata_20260603_071032 / DecisionQuality,补齐 Decision Quality，包括 Thesis、证据、风险、反方观点和退出条件。,使用原报告样本区间；缺失时覆盖完整市场周期并记录起止日期。,沿用原 RunMetadata 成本假设；缺失时补充佣金、滑点、冲击成本、汇率或申赎费用。,按报告研究对象选择可复核基准,待验证,0a616e60fea3801f1a4f5eba706f8231698b4c8b7c4aaefb088172e80db5d5cc
reportGapTask_c1be2f7ae821edeb646c,ReportEvidence,/Users/linzezhang/Downloads/量化回测分析/2026-06-03/BacktestReport18_03062026.docx,/Users/linzezhang/Downloads/量化回测分析/2026-06-03/RunMetadata_20260603_071015.json,RunMetadata_20260603_071015,ma_crossover,,,补齐报告证据：RunMetadata_20260603_071015 / ReportEvidence,重新导出包含 QuantLabReportEvidenceV1 的 Word 报告和 RunMetadata。,使用原报告样本区间；缺失时覆盖完整市场周期并记录起止日期。,沿用原 RunMetadata 成本假设；缺失时补充佣金、滑点、冲击成本、汇率或申赎费用。,按报告研究对象选择可复核基准,待验证,5e79ac8c67dbcde573c4ec686fd4cdc73230d2144b3e012e09c130018493fdab
reportGapTask_b7d1a2f7aed0c5b9ddee,DataQuality,/Users/linzezhang/Downloads/量化回测分析/2026-06-03/BacktestReport18_03062026.docx,/Users/linzezhang/Downloads/量化回测分析/2026-06-03/RunMetadata_20260603_071015.json,RunMetadata_20260603_071015,ma_crossover,,,补齐报告证据：RunMetadata_20260603_071015 / DataQuality,补跑并保存数据质量检查，确认数据源、时间区间、缺失值和异常值。,使用原报告样本区间；缺失时覆盖完整市场周期并记录起止日期。,沿用原 RunMetadata 成本假设；缺失时补充佣金、滑点、冲击成本、汇率或申赎费用。,按报告研究对象选择可复核基准,待验证,7da90ea8fbe579ac4f074dfa8da610795fb8dd249c95f29b3499e138610394ea
reportGapTask_ace0ab2d0d12244d4c18,CrossSourceValidation,/Users/linzezhang/Downloads/量化回测分析/2026-06-03/BacktestReport18_03062026.docx,/Users/linzezhang/Downloads/量化回测分析/2026-06-03/RunMetadata_20260603_071015.json,RunMetadata_20260603_071015,ma_crossover,,,补齐报告证据：RunMetadata_20260603_071015 / CrossSourceValidation,补跑多源交叉校验，比较至少两个可用真实数据源的关键价格。,使用原报告样本区间；缺失时覆盖完整市场周期并记录起止日期。,沿用原 RunMetadata 成本假设；缺失时补充佣金、滑点、冲击成本、汇率或申赎费用。,按报告研究对象选择可复核基准,待验证,aae7966d856505eabe14521d6aaaadbf992675553ecfae81c3035893d5af4af6
reportGapTask_b2f09c9c5cf5c21466c5,RiskGate,/Users/linzezhang/Downloads/量化回测分析/2026-06-03/BacktestReport18_03062026.docx,/Users/linzezhang/Downloads/量化回测分析/2026-06-03/RunMetadata_20260603_071015.json,RunMetadata_20260603_071015,ma_crossover,,,补齐报告证据：RunMetadata_20260603_071015 / RiskGate,重建研究风险闸门，覆盖收益、回撤、成本、稳定性、样本外和停用条件。,使用原报告样本区间；缺失时覆盖完整市场周期并记录起止日期。,沿用原 RunMetadata 成本假设；缺失时补充佣金、滑点、冲击成本、汇率或申赎费用。,按报告研究对象选择可复核基准,待验证,431872fcbb4041bc804448f5ffce9038fb90cd12f66eec4031a28b4d002ddc4b
reportGapTask_04d490486a0e15ff3529,DecisionQuality,/Users/linzezhang/Downloads/量化回测分析/2026-06-03/BacktestReport18_03062026.docx,/Users/linzezhang/Downloads/量化回测分析/2026-06-03/RunMetadata_20260603_071015.json,RunMetadata_20260603_071015,ma_crossover,,,补齐报告证据：RunMetadata_20260603_071015 / DecisionQuality,补齐 Decision Quality，包括 Thesis、证据、风险、反方观点和退出条件。,使用原报告样本区间；缺失时覆盖完整市场周期并记录起止日期。,沿用原 RunMetadata 成本假设；缺失时补充佣金、滑点、冲击成本、汇率或申赎费用。,按报告研究对象选择可复核基准,待验证,07c949f1b0f405a75ce924520f345d1a25a816822ce67ebb8760815f435d3c79
reportGapTask_ed6e1cfdde70e689140f,ReportEvidence,/Users/linzezhang/Downloads/量化回测分析/2026-06-03/BacktestReport18_03062026.docx,/Users/linzezhang/Downloads/量化回测分析/2026-06-03/RunMetadata_20260603_070852.json,RunMetadata_20260603_070852,ma_crossover,,,补齐报告证据：RunMetadata_20260603_070852 / ReportEvidence,重新导出包含 QuantLabReportEvidenceV1 的 Word 报告和 RunMetadata。,使用原报告样本区间；缺失时覆盖完整市场周期并记录起止日期。,沿用原 RunMetadata 成本假设；缺失时补充佣金、滑点、冲击成本、汇率或申赎费用。,按报告研究对象选择可复核基准,待验证,2f313b40fe2dea17b599256faa55e40383bf6e3b064e71679246fa2c01025d21
reportGapTask_73ff2f2c63d313a73812,DataQuality,/Users/linzezhang/Downloads/量化回测分析/2026-06-03/BacktestReport18_03062026.docx,/Users/linzezhang/Downloads/量化回测分析/2026-06-03/RunMetadata_20260603_070852.json,RunMetadata_20260603_070852,ma_crossover,,,补齐报告证据：RunMetadata_20260603_070852 / DataQuality,补跑并保存数据质量检查，确认数据源、时间区间、缺失值和异常值。,使用原报告样本区间；缺失时覆盖完整市场周期并记录起止日期。,沿用原 RunMetadata 成本假设；缺失时补充佣金、滑点、冲击成本、汇率或申赎费用。,按报告研究对象选择可复核基准,待验证,94d7bd7be545eeb5f74256d8dc000ae77355a13f5ea0a9b0c15b93c6990d4a7f
reportGapTask_9d6d2add5fc6abdb326b,CrossSourceValidation,/Users/linzezhang/Downloads/量化回测分析/2026-06-03/BacktestReport18_03062026.docx,/Users/linzezhang/Downloads/量化回测分析/2026-06-03/RunMetadata_20260603_070852.json,RunMetadata_20260603_070852,ma_crossover,,,补齐报告证据：RunMetadata_20260603_070852 / CrossSourceValidation,补跑多源交叉校验，比较至少两个可用真实数据源的关键价格。,使用原报告样本区间；缺失时覆盖完整市场周期并记录起止日期。,沿用原 RunMetadata 成本假设；缺失时补充佣金、滑点、冲击成本、汇率或申赎费用。,按报告研究对象选择可复核基准,待验证,daa423e7a1e0a065c45e713492a849dd8e2dae53d5b13c750825e68265f22d6c
reportGapTask_ab161fc450a3797a45be,RiskGate,/Users/linzezhang/Downloads/量化回测分析/2026-06-03/BacktestReport18_03062026.docx,/Users/linzezhang/Downloads/量化回测分析/2026-06-03/RunMetadata_20260603_070852.json,RunMetadata_20260603_070852,ma_crossover,,,补齐报告证据：RunMetadata_20260603_070852 / RiskGate,重建研究风险闸门，覆盖收益、回撤、成本、稳定性、样本外和停用条件。,使用原报告样本区间；缺失时覆盖完整市场周期并记录起止日期。,沿用原 RunMetadata 成本假设；缺失时补充佣金、滑点、冲击成本、汇率或申赎费用。,按报告研究对象选择可复核基准,待验证,34462786ac09ef7ce7369c82ae784dad9de42d43e8ad219759bb383fa2e144c4
reportGapTask_b43b74e88804911a47c4,DecisionQuality,/Users/linzezhang/Downloads/量化回测分析/2026-06-03/BacktestReport18_03062026.docx,/Users/linzezhang/Downloads/量化回测分析/2026-06-03/RunMetadata_20260603_070852.json,RunMetadata_20260603_070852,ma_crossover,,,补齐报告证据：RunMetadata_20260603_070852 / DecisionQuality,补齐 Decision Quality，包括 Thesis、证据、风险、反方观点和退出条件。,使用原报告样本区间；缺失时覆盖完整市场周期并记录起止日期。,沿用原 RunMetadata 成本假设；缺失时补充佣金、滑点、冲击成本、汇率或申赎费用。,按报告研究对象选择可复核基准,待验证,5721a9931d4e9e0e36b53ab67a9d4ccd446874f59ebfd626b61e0326cdc5b36b
reportGapTask_24cabe0e62520fd1ef52,ReportEvidence,/Users/linzezhang/Downloads/量化回测分析/2026-06-03/BacktestReport18_03062026.docx,/Users/linzezhang/Downloads/量化回测分析/2026-06-03/RunMetadata_20260603_070709.json,RunMetadata_20260603_070709,ma_crossover,,,补齐报告证据：RunMetadata_20260603_070709 / ReportEvidence,重新导出包含 QuantLabReportEvidenceV1 的 Word 报告和 RunMetadata。,使用原报告样本区间；缺失时覆盖完整市场周期并记录起止日期。,沿用原 RunMetadata 成本假设；缺失时补充佣金、滑点、冲击成本、汇率或申赎费用。,按报告研究对象选择可复核基准,待验证,de30569ca3e28a965d7848ad0b9a27977c3ae0c0ae29ef3d2fa34e58173f041e
reportGapTask_5b73542753320291d637,DataQuality,/Users/linzezhang/Downloads/量化回测分析/2026-06-03/BacktestReport18_03062026.docx,/Users/linzezhang/Downloads/量化回测分析/2026-06-03/RunMetadata_20260603_070709.json,RunMetadata_20260603_070709,ma_crossover,,,补齐报告证据：RunMetadata_20260603_070709 / DataQuality,补跑并保存数据质量检查，确认数据源、时间区间、缺失值和异常值。,使用原报告样本区间；缺失时覆盖完整市场周期并记录起止日期。,沿用原 RunMetadata 成本假设；缺失时补充佣金、滑点、冲击成本、汇率或申赎费用。,按报告研究对象选择可复核基准,待验证,ccf43b81f96b772e0c009dd612b3e696f9a49c955dfd5ce8237e7037ce5276c0
reportGapTask_2d112a2813f420f60b6d,CrossSourceValidation,/Users/linzezhang/Downloads/量化回测分析/2026-06-03/BacktestReport18_03062026.docx,/Users/linzezhang/Downloads/量化回测分析/2026-06-03/RunMetadata_20260603_070709.json,RunMetadata_20260603_070709,ma_crossover,,,补齐报告证据：RunMetadata_20260603_070709 / CrossSourceValidation,补跑多源交叉校验，比较至少两个可用真实数据源的关键价格。,使用原报告样本区间；缺失时覆盖完整市场周期并记录起止日期。,沿用原 RunMetadata 成本假设；缺失时补充佣金、滑点、冲击成本、汇率或申赎费用。,按报告研究对象选择可复核基准,待验证,076355b978361aaefcc08f42bf887e37dd4a33c974911b171afb6ea2a5f53dbb
reportGapTask_fc8f5c6b94a8ce71ae12,RiskGate,/Users/linzezhang/Downloads/量化回测分析/2026-06-03/BacktestReport18_03062026.docx,/Users/linzezhang/Downloads/量化回测分析/2026-06-03/RunMetadata_20260603_070709.json,RunMetadata_20260603_070709,ma_crossover,,,补齐报告证据：RunMetadata_20260603_070709 / RiskGate,重建研究风险闸门，覆盖收益、回撤、成本、稳定性、样本外和停用条件。,使用原报告样本区间；缺失时覆盖完整市场周期并记录起止日期。,沿用原 RunMetadata 成本假设；缺失时补充佣金、滑点、冲击成本、汇率或申赎费用。,按报告研究对象选择可复核基准,待验证,1c7e1663956e4643247c3647685d03e325059503c94629254fbcb5d3e2e941c2
reportGapTask_ca01ed7986157c46d89f,DecisionQuality,/Users/linzezhang/Downloads/量化回测分析/2026-06-03/BacktestReport18_03062026.docx,/Users/linzezhang/Downloads/量化回测分析/2026-06-03/RunMetadata_20260603_070709.json,RunMetadata_20260603_070709,ma_crossover,,,补齐报告证据：RunMetadata_20260603_070709 / DecisionQuality,补齐 Decision Quality，包括 Thesis、证据、风险、反方观点和退出条件。,使用原报告样本区间；缺失时覆盖完整市场周期并记录起止日期。,沿用原 RunMetadata 成本假设；缺失时补充佣金、滑点、冲击成本、汇率或申赎费用。,按报告研究对象选择可复核基准,待验证,477544603d66e5fae6803fff9d83145e0fe51774635529d2012d4b1b043960f3
reportGapTask_bb108dd8e607357c3437,ReportEvidence,/Users/linzezhang/Downloads/量化回测分析/2026-06-03/BacktestReport18_03062026.docx,/Users/linzezhang/Downloads/量化回测分析/2026-06-03/RunMetadata_20260603_070708.json,RunMetadata_20260603_070708,ma_crossover,,,补齐报告证据：RunMetadata_20260603_070708 / ReportEvidence,重新导出包含 QuantLabReportEvidenceV1 的 Word 报告和 RunMetadata。,使用原报告样本区间；缺失时覆盖完整市场周期并记录起止日期。,沿用原 RunMetadata 成本假设；缺失时补充佣金、滑点、冲击成本、汇率或申赎费用。,按报告研究对象选择可复核基准,待验证,730e38feba00ac8664293fc4b7d7bcc4efb12bfcbe145257a06dc0fd569e3adb
reportGapTask_0ef144c29f2c4249e470,DataQuality,/Users/linzezhang/Downloads/量化回测分析/2026-06-03/BacktestReport18_03062026.docx,/Users/linzezhang/Downloads/量化回测分析/2026-06-03/RunMetadata_20260603_070708.json,RunMetadata_20260603_070708,ma_crossover,,,补齐报告证据：RunMetadata_20260603_070708 / DataQuality,补跑并保存数据质量检查，确认数据源、时间区间、缺失值和异常值。,使用原报告样本区间；缺失时覆盖完整市场周期并记录起止日期。,沿用原 RunMetadata 成本假设；缺失时补充佣金、滑点、冲击成本、汇率或申赎费用。,按报告研究对象选择可复核基准,待验证,49d7f84f6f5b7c90aeb613838c8074268745900360c45ce026fcbe3f6e262970
reportGapTask_f17d4bebfa3e7fd8d97a,CrossSourceValidation,/Users/linzezhang/Downloads/量化回测分析/2026-06-03/BacktestReport18_03062026.docx,/Users/linzezhang/Downloads/量化回测分析/2026-06-03/RunMetadata_20260603_070708.json,RunMetadata_20260603_070708,ma_crossover,,,补齐报告证据：RunMetadata_20260603_070708 / CrossSourceValidation,补跑多源交叉校验，比较至少两个可用真实数据源的关键价格。,使用原报告样本区间；缺失时覆盖完整市场周期并记录起止日期。,沿用原 RunMetadata 成本假设；缺失时补充佣金、滑点、冲击成本、汇率或申赎费用。,按报告研究对象选择可复核基准,待验证,a8d3333d07bb45c1b57e1a7720bffffb5a299ab7bfa8356572b3d8c4f18e1187
reportGapTask_aa183e902e6da9270ae9,RiskGate,/Users/linzezhang/Downloads/量化回测分析/2026-06-03/BacktestReport18_03062026.docx,/Users/linzezhang/Downloads/量化回测分析/2026-06-03/RunMetadata_20260603_070708.json,RunMetadata_20260603_070708,ma_crossover,,,补齐报告证据：RunMetadata_20260603_070708 / RiskGate,重建研究风险闸门，覆盖收益、回撤、成本、稳定性、样本外和停用条件。,使用原报告样本区间；缺失时覆盖完整市场周期并记录起止日期。,沿用原 RunMetadata 成本假设；缺失时补充佣金、滑点、冲击成本、汇率或申赎费用。,按报告研究对象选择可复核基准,待验证,bc7a14cb7ae53b54696c3114b9f3e4f4fd9d3c69bdf24db6b7b82304513f60b2
reportGapTask_d002279ff38ec3e9445e,DecisionQuality,/Users/linzezhang/Downloads/量化回测分析/2026-06-03/BacktestReport18_03062026.docx,/Users/linzezhang/Downloads/量化回测分析/2026-06-03/RunMetadata_20260603_070708.json,RunMetadata_20260603_070708,ma_crossover,,,补齐报告证据：RunMetadata_20260603_070708 / DecisionQuality,补齐 Decision Quality，包括 Thesis、证据、风险、反方观点和退出条件。,使用原报告样本区间；缺失时覆盖完整市场周期并记录起止日期。,沿用原 RunMetadata 成本假设；缺失时补充佣金、滑点、冲击成本、汇率或申赎费用。,按报告研究对象选择可复核基准,待验证,48e47c282fa1a371572316883d6a673428be1fe9e54fdfec02be7b637dd9c698
