roi_id,record_type,subsystem,artifact_type,title,source_path,run_date,task_goal,file_modified_at,size_kb,value_contribution,evidence_level,decision_level,review_status,token_estimate,ai_cost,human_time_cost,revenue_generated,cost_saved,loss_avoided,asset_reuse_value,roi_score,value_status,time_saved_hours,reuse_count,evidence_link,notes,next_action
tokenRoi_516d95987a61e2cc5800,ArtifactEvidence,EVA_OS Foundation,Executive Command Center,EVACommandCenter_13062026,data/commandCenter/EVACommandCenter_13062026.json,2026-06-13,Review reusable EVA_OS evidence artifact.,2026-06-13T16:28:10,10.85,System Reliability,FACT,Observe,Recorded,0,0.0,0.0,0.0,0.0,0.0,0.0,,Unquantified,0.0,0,,,Keep this gate green before relying on downstream research outputs.
tokenRoi_531d2b8024d7067fcadc,ArtifactEvidence,EVA_OS Foundation,Executive Command Center,EVACommandCenter_latest,data/commandCenter/EVACommandCenter_latest.md,2026-06-13,Review reusable EVA_OS evidence artifact.,2026-06-13T16:28:10,6.65,System Reliability,FACT,Observe,Recorded,0,0.0,0.0,0.0,0.0,0.0,0.0,,Unquantified,0.0,0,,,Keep this gate green before relying on downstream research outputs.
tokenRoi_cc9eee89bc0d4dad2899,ArtifactEvidence,EVA_OS Foundation,Executive Command Center,EVACommandCenter_13062026,data/commandCenter/EVACommandCenter_13062026.md,2026-06-13,Review reusable EVA_OS evidence artifact.,2026-06-13T16:28:10,6.65,System Reliability,FACT,Observe,Recorded,0,0.0,0.0,0.0,0.0,0.0,0.0,,Unquantified,0.0,0,,,Keep this gate green before relying on downstream research outputs.
tokenRoi_d4a55c4ed8c401e1b528,ArtifactEvidence,EVA_OS Foundation,Executive Command Center,EVACommandCenter_latest,data/commandCenter/EVACommandCenter_latest.json,2026-06-13,Review reusable EVA_OS evidence artifact.,2026-06-13T16:28:10,10.85,System Reliability,FACT,Observe,Recorded,0,0.0,0.0,0.0,0.0,0.0,0.0,,Unquantified,0.0,0,,,Keep this gate green before relying on downstream research outputs.
tokenRoi_be0a66f60c66a9d2d237,ArtifactEvidence,EVA_OS Foundation,Executive Command Center,EVACommandCenter_07062026,data/commandCenter/EVACommandCenter_07062026.json,2026-06-13,Review reusable EVA_OS evidence artifact.,2026-06-13T16:15:28,6.97,System Reliability,FACT,Observe,Recorded,0,0.0,0.0,0.0,0.0,0.0,0.0,,Unquantified,0.0,0,,,Keep this gate green before relying on downstream research outputs.
tokenRoi_d8fb7a59f3aa0ef4f23c,ArtifactEvidence,EVA_OS Foundation,Executive Command Center,EVACommandCenter_07062026,data/commandCenter/EVACommandCenter_07062026.md,2026-06-13,Review reusable EVA_OS evidence artifact.,2026-06-13T16:15:28,4.41,System Reliability,FACT,Observe,Recorded,0,0.0,0.0,0.0,0.0,0.0,0.0,,Unquantified,0.0,0,,,Keep this gate green before relying on downstream research outputs.
tokenRoi_7ad7c94d497d076904e0,ArtifactEvidence,QuantLab,Report Decision Support Index,ReportDecisionSupportIndex_07062026,data/reportDecision/ReportDecisionSupportIndex_07062026.json,2026-06-13,Review reusable EVA_OS evidence artifact.,2026-06-13T16:15:28,45.91,Reusable Asset,FACT,Observe,Recorded,0,0.0,0.0,0.0,0.0,0.0,0.0,,Unquantified,0.0,0,,,Decide whether this artifact should become a reusable asset or be archived.
tokenRoi_4b3dbba5fe420f867adf,ArtifactEvidence,QuantLab,Report Decision Support Index,ReportDecisionSupportIndex_latest,data/reportDecision/ReportDecisionSupportIndex_latest.md,2026-06-13,Review reusable EVA_OS evidence artifact.,2026-06-13T16:15:28,11.77,Reusable Asset,FACT,Observe,Recorded,0,0.0,0.0,0.0,0.0,0.0,0.0,,Unquantified,0.0,0,,,Decide whether this artifact should become a reusable asset or be archived.
tokenRoi_cec1f18304519060e029,ArtifactEvidence,QuantLab,Report Decision Support Index,ReportDecisionSupportIndex_07062026,data/reportDecision/ReportDecisionSupportIndex_07062026.md,2026-06-13,Review reusable EVA_OS evidence artifact.,2026-06-13T16:15:28,11.77,Reusable Asset,FACT,Observe,Recorded,0,0.0,0.0,0.0,0.0,0.0,0.0,,Unquantified,0.0,0,,,Decide whether this artifact should become a reusable asset or be archived.
tokenRoi_1e6841dba4a6e5c86fab,ArtifactEvidence,QuantLab,Report Decision Support Index,ReportEvidenceGapTasks_07062026,data/reportDecision/ReportEvidenceGapTasks_07062026.json,2026-06-13,Review reusable EVA_OS evidence artifact.,2026-06-13T16:15:28,257.23,Reusable Asset,FACT,Observe,Recorded,0,0.0,0.0,0.0,0.0,0.0,0.0,,Unquantified,0.0,0,,,Decide whether this artifact should become a reusable asset or be archived.
tokenRoi_6bba22873114e5fd18a5,ArtifactEvidence,QuantLab,Report Decision Support Index,ReportEvidenceGapTasks_latest,data/reportDecision/ReportEvidenceGapTasks_latest.json,2026-06-13,Review reusable EVA_OS evidence artifact.,2026-06-13T16:15:28,257.23,Reusable Asset,FACT,Observe,Recorded,0,0.0,0.0,0.0,0.0,0.0,0.0,,Unquantified,0.0,0,,,Decide whether this artifact should become a reusable asset or be archived.
tokenRoi_8111d204230b10c91167,ArtifactEvidence,QuantLab,Report Decision Support Index,ReportDecisionSupportIndex_latest,data/reportDecision/ReportDecisionSupportIndex_latest.json,2026-06-13,Review reusable EVA_OS evidence artifact.,2026-06-13T16:15:28,45.91,Reusable Asset,FACT,Observe,Recorded,0,0.0,0.0,0.0,0.0,0.0,0.0,,Unquantified,0.0,0,,,Decide whether this artifact should become a reusable asset or be archived.
tokenRoi_621206233937b71e9252,ArtifactEvidence,QuantLab,Validation Task Execution,ValidationTaskExecution_latest,data/validationQueue/ValidationTaskExecution_latest.json,2026-06-13,Review reusable EVA_OS evidence artifact.,2026-06-13T16:15:28,2.64,Validation Efficiency,FACT,Observe,Recorded,0,0.0,0.0,0.0,0.0,0.0,0.0,,Unquantified,0.0,0,,,Compare against out-of-sample and walk-forward evidence before promotion.
tokenRoi_78c7508b611db3eb805e,ArtifactEvidence,QuantLab,Validation Task Priority Plan,ValidationTaskPriorityPlan_07062026,data/validationQueue/ValidationTaskPriorityPlan_07062026.json,2026-06-13,Review reusable EVA_OS evidence artifact.,2026-06-13T16:15:28,237.53,Validation Efficiency,FACT,Observe,Recorded,0,0.0,0.0,0.0,0.0,0.0,0.0,,Unquantified,0.0,0,,,Compare against out-of-sample and walk-forward evidence before promotion.
tokenRoi_9b2ebefd9c65b5f5b075,ArtifactEvidence,QuantLab,Validation Task Priority Plan,ValidationTaskPriorityPlan_latest,data/validationQueue/ValidationTaskPriorityPlan_latest.json,2026-06-13,Review reusable EVA_OS evidence artifact.,2026-06-13T16:15:28,237.53,Validation Efficiency,FACT,Observe,Recorded,0,0.0,0.0,0.0,0.0,0.0,0.0,,Unquantified,0.0,0,,,Compare against out-of-sample and walk-forward evidence before promotion.
tokenRoi_e09bef8254a417c37836,ArtifactEvidence,QuantLab,Validation Task Execution,ValidationTaskExecution_07062026_1c188bc96fe9f547,data/validationQueue/ValidationTaskExecution_07062026_1c188bc96fe9f547.json,2026-06-13,Review reusable EVA_OS evidence artifact.,2026-06-13T16:15:28,2.64,Validation Efficiency,FACT,Observe,Recorded,0,0.0,0.0,0.0,0.0,0.0,0.0,,Unquantified,0.0,0,,,Compare against out-of-sample and walk-forward evidence before promotion.
tokenRoi_5cec52d5760ea9c1e92e,ArtifactEvidence,EVA_OS Foundation,Executive Command Center,EVACommandCenter_13062026,data/commandCenter/EVACommandCenter_13062026.pdf,2026-06-13,Review reusable EVA_OS evidence artifact.,2026-06-13T08:53:04,2.34,System Reliability,FACT,Observe,Recorded,0,0.0,0.0,0.0,0.0,0.0,0.0,,Unquantified,0.0,0,,,Keep this gate green before relying on downstream research outputs.
tokenRoi_41b92b67a1a9f9621e7a,ArtifactEvidence,EVA_OS Foundation,Executive Command Center,EVACommandCenter_latest,data/commandCenter/EVACommandCenter_latest.pdf,2026-06-13,Review reusable EVA_OS evidence artifact.,2026-06-13T08:53:04,2.34,System Reliability,FACT,Observe,Recorded,0,0.0,0.0,0.0,0.0,0.0,0.0,,Unquantified,0.0,0,,,Keep this gate green before relying on downstream research outputs.
tokenRoi_a4775f1d98396b773635,ArtifactEvidence,EVA_OS Foundation,Executive Command Center,EVACommandCenter_07062026,data/commandCenter/EVACommandCenter_07062026.pdf,2026-06-07,Review reusable EVA_OS evidence artifact.,2026-06-07T13:51:25,1.66,System Reliability,FACT,Observe,Recorded,0,0.0,0.0,0.0,0.0,0.0,0.0,,Unquantified,0.0,0,,,Keep this gate green before relying on downstream research outputs.
tokenRoi_c318103e59f78a9a6e62,ArtifactEvidence,QuantLab,Validation Task Execution,ValidationTaskExecution_latest,data/validationQueue/ValidationTaskExecution_latest.pdf,2026-06-07,Review reusable EVA_OS evidence artifact.,2026-06-07T13:50:39,1.46,Validation Efficiency,FACT,Observe,Recorded,0,0.0,0.0,0.0,0.0,0.0,0.0,,Unquantified,0.0,0,,,Compare against out-of-sample and walk-forward evidence before promotion.
tokenRoi_3560c4352b5d68932ac6,ArtifactEvidence,QuantLab,Validation Task Execution,ValidationTaskExecution_07062026_1c188bc96fe9f547,data/validationQueue/ValidationTaskExecution_07062026_1c188bc96fe9f547.md,2026-06-07,Review reusable EVA_OS evidence artifact.,2026-06-07T13:50:39,1.22,Validation Efficiency,FACT,Observe,Recorded,0,0.0,0.0,0.0,0.0,0.0,0.0,,Unquantified,0.0,0,,,Compare against out-of-sample and walk-forward evidence before promotion.
tokenRoi_eec561f58abf32494d81,ArtifactEvidence,QuantLab,Validation Task Execution,ValidationTaskExecution_07062026_1c188bc96fe9f547,data/validationQueue/ValidationTaskExecution_07062026_1c188bc96fe9f547.csv,2026-06-07,Review reusable EVA_OS evidence artifact.,2026-06-07T13:50:39,0.52,Validation Efficiency,FACT,Observe,Recorded,0,0.0,0.0,0.0,0.0,0.0,0.0,,Unquantified,0.0,0,,,Compare against out-of-sample and walk-forward evidence before promotion.
tokenRoi_9ca5911faef548922077,ArtifactEvidence,QuantLab,Validation Task Execution,ValidationTaskExecution_latest,data/validationQueue/ValidationTaskExecution_latest.md,2026-06-07,Review reusable EVA_OS evidence artifact.,2026-06-07T13:50:39,1.22,Validation Efficiency,FACT,Observe,Recorded,0,0.0,0.0,0.0,0.0,0.0,0.0,,Unquantified,0.0,0,,,Compare against out-of-sample and walk-forward evidence before promotion.
tokenRoi_44339c90c10c9f954dfd,ArtifactEvidence,QuantLab,Validation Task Execution,ValidationTaskExecution_latest,data/validationQueue/ValidationTaskExecution_latest.csv,2026-06-07,Review reusable EVA_OS evidence artifact.,2026-06-07T13:50:39,0.52,Validation Efficiency,FACT,Observe,Recorded,0,0.0,0.0,0.0,0.0,0.0,0.0,,Unquantified,0.0,0,,,Compare against out-of-sample and walk-forward evidence before promotion.
tokenRoi_2ff416512ee473051212,ArtifactEvidence,QuantLab,Validation Task Execution,ValidationTaskExecution_07062026_1c188bc96fe9f547,data/validationQueue/ValidationTaskExecution_07062026_1c188bc96fe9f547.pdf,2026-06-07,Review reusable EVA_OS evidence artifact.,2026-06-07T13:50:39,1.46,Validation Efficiency,FACT,Observe,Recorded,0,0.0,0.0,0.0,0.0,0.0,0.0,,Unquantified,0.0,0,,,Compare against out-of-sample and walk-forward evidence before promotion.
tokenRoi_501e62edc5e7b00df346,ArtifactEvidence,QuantLab,Validation Task Priority Plan,ValidationTaskPriorityPlan_07062026,data/validationQueue/ValidationTaskPriorityPlan_07062026.pdf,2026-06-07,Review reusable EVA_OS evidence artifact.,2026-06-07T13:28:38,2.12,Validation Efficiency,FACT,Observe,Recorded,0,0.0,0.0,0.0,0.0,0.0,0.0,,Unquantified,0.0,0,,,Compare against out-of-sample and walk-forward evidence before promotion.
tokenRoi_248a2aeb6507249fd4fc,ArtifactEvidence,QuantLab,Validation Task Priority Plan,ValidationTaskPriorityPlan_latest,data/validationQueue/ValidationTaskPriorityPlan_latest.csv,2026-06-07,Review reusable EVA_OS evidence artifact.,2026-06-07T13:28:38,144.75,Validation Efficiency,FACT,Observe,Recorded,0,0.0,0.0,0.0,0.0,0.0,0.0,,Unquantified,0.0,0,,,Compare against out-of-sample and walk-forward evidence before promotion.
tokenRoi_ad7885b9cd6457302dfb,ArtifactEvidence,QuantLab,Validation Task Priority Plan,ValidationTaskPriorityPlan_07062026,data/validationQueue/ValidationTaskPriorityPlan_07062026.md,2026-06-07,Review reusable EVA_OS evidence artifact.,2026-06-07T13:28:38,11.61,Validation Efficiency,FACT,Observe,Recorded,0,0.0,0.0,0.0,0.0,0.0,0.0,,Unquantified,0.0,0,,,Compare against out-of-sample and walk-forward evidence before promotion.
tokenRoi_704c7f171bcf37f2858f,ArtifactEvidence,QuantLab,Validation Task Priority Plan,ValidationTaskPriorityPlan_07062026,data/validationQueue/ValidationTaskPriorityPlan_07062026.csv,2026-06-07,Review reusable EVA_OS evidence artifact.,2026-06-07T13:28:38,144.75,Validation Efficiency,FACT,Observe,Recorded,0,0.0,0.0,0.0,0.0,0.0,0.0,,Unquantified,0.0,0,,,Compare against out-of-sample and walk-forward evidence before promotion.
tokenRoi_99418dab4f073b928310,ArtifactEvidence,QuantLab,Validation Task Priority Plan,ValidationTaskPriorityPlan_latest,data/validationQueue/ValidationTaskPriorityPlan_latest.pdf,2026-06-07,Review reusable EVA_OS evidence artifact.,2026-06-07T13:28:38,2.12,Validation Efficiency,FACT,Observe,Recorded,0,0.0,0.0,0.0,0.0,0.0,0.0,,Unquantified,0.0,0,,,Compare against out-of-sample and walk-forward evidence before promotion.
tokenRoi_501c80aa6961e8102156,ArtifactEvidence,QuantLab,Validation Task Priority Plan,ValidationTaskPriorityPlan_latest,data/validationQueue/ValidationTaskPriorityPlan_latest.md,2026-06-07,Review reusable EVA_OS evidence artifact.,2026-06-07T13:28:38,11.61,Validation Efficiency,FACT,Observe,Recorded,0,0.0,0.0,0.0,0.0,0.0,0.0,,Unquantified,0.0,0,,,Compare against out-of-sample and walk-forward evidence before promotion.
tokenRoi_952b785ca05ce70501d7,ArtifactEvidence,QuantLab,Report Decision Support Index,ReportDecisionSupportIndex_latest,data/reportDecision/ReportDecisionSupportIndex_latest.csv,2026-06-07,Review reusable EVA_OS evidence artifact.,2026-06-07T12:42:33,21.26,Reusable Asset,FACT,Observe,Recorded,0,0.0,0.0,0.0,0.0,0.0,0.0,,Unquantified,0.0,0,,,Decide whether this artifact should become a reusable asset or be archived.
tokenRoi_24d1d16cb20e080c2e91,ArtifactEvidence,QuantLab,Report Decision Support Index,ReportDecisionSupportIndex_07062026,data/reportDecision/ReportDecisionSupportIndex_07062026.csv,2026-06-07,Review reusable EVA_OS evidence artifact.,2026-06-07T12:42:33,21.26,Reusable Asset,FACT,Observe,Recorded,0,0.0,0.0,0.0,0.0,0.0,0.0,,Unquantified,0.0,0,,,Decide whether this artifact should become a reusable asset or be archived.
tokenRoi_99dbae728b6517dea833,ArtifactEvidence,QuantLab,Report Decision Support Index,ReportDecisionSupportIndex_07062026,data/reportDecision/ReportDecisionSupportIndex_07062026.pdf,2026-06-07,Review reusable EVA_OS evidence artifact.,2026-06-07T12:42:33,3.9,Reusable Asset,FACT,Observe,Recorded,0,0.0,0.0,0.0,0.0,0.0,0.0,,Unquantified,0.0,0,,,Decide whether this artifact should become a reusable asset or be archived.
tokenRoi_8d5aac769ffd8546cf48,ArtifactEvidence,QuantLab,Report Decision Support Index,ReportDecisionSupportIndex_latest,data/reportDecision/ReportDecisionSupportIndex_latest.pdf,2026-06-07,Review reusable EVA_OS evidence artifact.,2026-06-07T12:42:33,3.9,Reusable Asset,FACT,Observe,Recorded,0,0.0,0.0,0.0,0.0,0.0,0.0,,Unquantified,0.0,0,,,Decide whether this artifact should become a reusable asset or be archived.
tokenRoi_3e4fd031c198c2899506,ArtifactEvidence,QuantLab,Report Decision Support Index,ReportEvidenceGapTasks_07062026,data/reportDecision/ReportEvidenceGapTasks_07062026.csv,2026-06-07,Review reusable EVA_OS evidence artifact.,2026-06-07T12:42:16,116.39,Reusable Asset,FACT,Observe,Recorded,0,0.0,0.0,0.0,0.0,0.0,0.0,,Unquantified,0.0,0,,,Decide whether this artifact should become a reusable asset or be archived.
tokenRoi_5a0770370f75dec2b959,ArtifactEvidence,QuantLab,Report Decision Support Index,ReportEvidenceGapTasks_07062026,data/reportDecision/ReportEvidenceGapTasks_07062026.md,2026-06-07,Review reusable EVA_OS evidence artifact.,2026-06-07T12:42:16,23.33,Reusable Asset,FACT,Observe,Recorded,0,0.0,0.0,0.0,0.0,0.0,0.0,,Unquantified,0.0,0,,,Decide whether this artifact should become a reusable asset or be archived.
tokenRoi_e209c07a9cfd9642022e,ArtifactEvidence,QuantLab,Report Decision Support Index,ReportEvidenceGapTasks_latest,data/reportDecision/ReportEvidenceGapTasks_latest.pdf,2026-06-07,Review reusable EVA_OS evidence artifact.,2026-06-07T12:42:16,2.94,Reusable Asset,FACT,Observe,Recorded,0,0.0,0.0,0.0,0.0,0.0,0.0,,Unquantified,0.0,0,,,Decide whether this artifact should become a reusable asset or be archived.
tokenRoi_4e00cb696ec7248780a7,ArtifactEvidence,QuantLab,Report Decision Support Index,ReportEvidenceGapTasks_latest,data/reportDecision/ReportEvidenceGapTasks_latest.md,2026-06-07,Review reusable EVA_OS evidence artifact.,2026-06-07T12:42:16,23.33,Reusable Asset,FACT,Observe,Recorded,0,0.0,0.0,0.0,0.0,0.0,0.0,,Unquantified,0.0,0,,,Decide whether this artifact should become a reusable asset or be archived.
tokenRoi_4c8b2c9ec821a22fd8d6,ArtifactEvidence,QuantLab,Report Decision Support Index,ReportEvidenceGapTasks_07062026,data/reportDecision/ReportEvidenceGapTasks_07062026.pdf,2026-06-07,Review reusable EVA_OS evidence artifact.,2026-06-07T12:42:16,2.94,Reusable Asset,FACT,Observe,Recorded,0,0.0,0.0,0.0,0.0,0.0,0.0,,Unquantified,0.0,0,,,Decide whether this artifact should become a reusable asset or be archived.
tokenRoi_21b6cf09cb844fb5a99b,ArtifactEvidence,QuantLab,Report Decision Support Index,ReportEvidenceGapTasks_latest,data/reportDecision/ReportEvidenceGapTasks_latest.csv,2026-06-07,Review reusable EVA_OS evidence artifact.,2026-06-07T12:42:16,116.39,Reusable Asset,FACT,Observe,Recorded,0,0.0,0.0,0.0,0.0,0.0,0.0,,Unquantified,0.0,0,,,Decide whether this artifact should become a reusable asset or be archived.
tokenRoi_98595c63987268f33ef0,ArtifactEvidence,QuantLab,Validation Task Queue,ValidationTasks,data/validationQueue/ValidationTasks.json,2026-06-07,Review reusable EVA_OS evidence artifact.,2026-06-07T12:42:06,9532.26,Validation Efficiency,FACT,Observe,Recorded,0,0.0,0.0,0.0,0.0,0.0,0.0,,Unquantified,0.0,0,,,Compare against out-of-sample and walk-forward evidence before promotion.
tokenRoi_0b5ab239bb1ab309d9c3,ArtifactEvidence,QuantLab,Walk Forward,walk_forward_validation.json,/Users/linzezhang/Downloads/量化回测分析/2026-06-07/Experiments/ma_scan_AAPL/walk_forward_validation.json,2026-06-07,Review reusable EVA_OS evidence artifact.,2026-06-07T11:43:00,11.75,Validation Efficiency,FACT,Observe,Recorded,0,0.0,0.0,0.0,0.0,0.0,0.0,,Unquantified,0.0,0,,,Compare against out-of-sample and walk-forward evidence before promotion.
tokenRoi_6c06675a28f95aa45902,ArtifactEvidence,QuantLab,Experiment Validation,train_test_validation.json,/Users/linzezhang/Downloads/量化回测分析/2026-06-07/Experiments/ma_scan_AAPL/train_test_validation.json,2026-06-07,Review reusable EVA_OS evidence artifact.,2026-06-07T11:42:56,0.64,Validation Efficiency,FACT,Observe,Recorded,0,0.0,0.0,0.0,0.0,0.0,0.0,,Unquantified,0.0,0,,,Compare against out-of-sample and walk-forward evidence before promotion.
tokenRoi_c37d11995671e3846a90,ArtifactEvidence,QuantLab,Experiment Summary,summary.csv,/Users/linzezhang/Downloads/量化回测分析/2026-06-07/Experiments/ma_scan_AAPL/summary.csv,2026-06-07,Review reusable EVA_OS evidence artifact.,2026-06-07T11:42:55,3.17,Validation Efficiency,FACT,Observe,Recorded,0,0.0,0.0,0.0,0.0,0.0,0.0,,Unquantified,0.0,0,,,Compare against out-of-sample and walk-forward evidence before promotion.
tokenRoi_f597646115bc35b57417,ArtifactEvidence,QuantLab,Data Quality,DataQuality_sample_US_AAPL_20260607_114254.json,/Users/linzezhang/Downloads/量化回测分析/2026-06-07/DataQuality/DataQuality_sample_US_AAPL_20260607_114254.json,2026-06-07,Review reusable EVA_OS evidence artifact.,2026-06-07T11:42:54,0.41,Data Credibility,FACT,Observe,Recorded,0,0.0,0.0,0.0,0.0,0.0,0.0,,Unquantified,0.0,0,,,"Use as evidence only after checking freshness, source, and limitations."
tokenRoi_81bf72763224a7990130,ArtifactEvidence,QuantLab,Data Quality,DataQuality_sample_US_AAPL_20260607_114131.json,/Users/linzezhang/Downloads/量化回测分析/2026-06-07/DataQuality/DataQuality_sample_US_AAPL_20260607_114131.json,2026-06-07,Review reusable EVA_OS evidence artifact.,2026-06-07T11:41:31,0.41,Data Credibility,FACT,Observe,Recorded,0,0.0,0.0,0.0,0.0,0.0,0.0,,Unquantified,0.0,0,,,"Use as evidence only after checking freshness, source, and limitations."
tokenRoi_9298249bd2b8bc52a001,ArtifactEvidence,EVA_OS Foundation,Daily Readiness,QuantLabDailyReadiness_07062026,data/systemAudit/QuantLabDailyReadiness_07062026.pdf,2026-06-07,Review reusable EVA_OS evidence artifact.,2026-06-07T11:29:16,1.63,System Reliability,FACT,Observe,Recorded,0,0.0,0.0,0.0,0.0,0.0,0.0,,Unquantified,0.0,0,,,Keep this gate green before relying on downstream research outputs.
tokenRoi_571799c8ab2a1b68276a,ArtifactEvidence,EVA_OS Foundation,Daily Readiness,QuantLabDailyReadiness_07062026,data/systemAudit/QuantLabDailyReadiness_07062026.json,2026-06-07,Review reusable EVA_OS evidence artifact.,2026-06-07T11:29:16,6.41,System Reliability,FACT,Observe,Recorded,0,0.0,0.0,0.0,0.0,0.0,0.0,,Unquantified,0.0,0,,,Keep this gate green before relying on downstream research outputs.
tokenRoi_975350972b39675dadd9,ArtifactEvidence,EVA_OS Foundation,Daily Readiness,QuantLabDailyReadiness_07062026,data/systemAudit/QuantLabDailyReadiness_07062026.md,2026-06-07,Review reusable EVA_OS evidence artifact.,2026-06-07T11:29:16,2.04,System Reliability,FACT,Observe,Recorded,0,0.0,0.0,0.0,0.0,0.0,0.0,,Unquantified,0.0,0,,,Keep this gate green before relying on downstream research outputs.
tokenRoi_d477a5c75f5d4ddb18f3,ArtifactEvidence,EVA_OS Foundation,Integration Audit,QuantLabIntegrationAudit_07062026,data/systemAudit/QuantLabIntegrationAudit_07062026.md,2026-06-07,Review reusable EVA_OS evidence artifact.,2026-06-07T11:28:28,0.93,System Reliability,FACT,Observe,Recorded,0,0.0,0.0,0.0,0.0,0.0,0.0,,Unquantified,0.0,0,,,Keep this gate green before relying on downstream research outputs.
tokenRoi_9f6f502fe6cfa41fdd27,ArtifactEvidence,EVA_OS Foundation,Integration Audit,QuantLabIntegrationAudit_07062026,data/systemAudit/QuantLabIntegrationAudit_07062026.json,2026-06-07,Review reusable EVA_OS evidence artifact.,2026-06-07T11:28:28,3.54,System Reliability,FACT,Observe,Recorded,0,0.0,0.0,0.0,0.0,0.0,0.0,,Unquantified,0.0,0,,,Keep this gate green before relying on downstream research outputs.
tokenRoi_94858e90aba99d1a583e,ArtifactEvidence,EVA_OS Foundation,Data Trust Audit,QuantLabDataTrustAudit_07062026,data/systemAudit/QuantLabDataTrustAudit_07062026.csv,2026-06-07,Review reusable EVA_OS evidence artifact.,2026-06-07T10:16:26,48.7,Data Credibility,FACT,Observe,Recorded,0,0.0,0.0,0.0,0.0,0.0,0.0,,Unquantified,0.0,0,,,"Use as evidence only after checking freshness, source, and limitations."
tokenRoi_31f3add6cd1033d9296b,ArtifactEvidence,EVA_OS Foundation,Data Trust Audit,QuantLabDataTrustAudit_07062026,data/systemAudit/QuantLabDataTrustAudit_07062026.md,2026-06-07,Review reusable EVA_OS evidence artifact.,2026-06-07T10:16:26,0.78,Data Credibility,FACT,Observe,Recorded,0,0.0,0.0,0.0,0.0,0.0,0.0,,Unquantified,0.0,0,,,"Use as evidence only after checking freshness, source, and limitations."
tokenRoi_e77b9f8c367ca5e33250,ArtifactEvidence,EVA_OS Foundation,Data Trust Audit,QuantLabDataTrustAudit_07062026,data/systemAudit/QuantLabDataTrustAudit_07062026.json,2026-06-07,Review reusable EVA_OS evidence artifact.,2026-06-07T10:16:26,98.36,Data Credibility,FACT,Observe,Recorded,0,0.0,0.0,0.0,0.0,0.0,0.0,,Unquantified,0.0,0,,,"Use as evidence only after checking freshness, source, and limitations."
tokenRoi_41012c34618c312f538d,ArtifactEvidence,EVA_OS Foundation,Data Trust Audit,QuantLabDataTrustAudit_07062026,data/systemAudit/QuantLabDataTrustAudit_07062026.pdf,2026-06-07,Review reusable EVA_OS evidence artifact.,2026-06-07T10:16:26,1.04,Data Credibility,FACT,Observe,Recorded,0,0.0,0.0,0.0,0.0,0.0,0.0,,Unquantified,0.0,0,,,"Use as evidence only after checking freshness, source, and limitations."
tokenRoi_57b3728fa70114888842,ArtifactEvidence,QuantLab,Run Metadata,RunMetadata_07062026.json,/Users/linzezhang/Downloads/量化回测分析/2026-06-07/RunMetadata_07062026.json,2026-06-07,Review reusable EVA_OS evidence artifact.,2026-06-07T08:54:45,7.01,Traceability,FACT,Observe,Recorded,0,0.0,0.0,0.0,0.0,0.0,0.0,,Unquantified,0.0,0,,,Link this metadata to the related report and decision record.
tokenRoi_10ea8ab06d997520967d,ArtifactEvidence,QuantLab,Backtest Word Report,SampleBacktestReport_07062026.docx,/Users/linzezhang/Downloads/量化回测分析/2026-06-07/SampleBacktestReport_07062026.docx,2026-06-07,Review reusable EVA_OS evidence artifact.,2026-06-07T08:54:45,742.96,Decision Support,FACT,Observe,Recorded,0,0.0,0.0,0.0,0.0,0.0,0.0,,Unquantified,0.0,0,,,Review risk gates and missing evidence before using as decision support.
tokenRoi_160451b3c0a3d1628a58,ArtifactEvidence,QuantLab,Data Quality,DataQuality_sample_US_AAPL_20260607_085419.json,/Users/linzezhang/Downloads/量化回测分析/2026-06-07/DataQuality/DataQuality_sample_US_AAPL_20260607_085419.json,2026-06-07,Review reusable EVA_OS evidence artifact.,2026-06-07T08:54:19,0.41,Data Credibility,FACT,Observe,Recorded,0,0.0,0.0,0.0,0.0,0.0,0.0,,Unquantified,0.0,0,,,"Use as evidence only after checking freshness, source, and limitations."
tokenRoi_0b4881587cd3cc04d7e0,ArtifactEvidence,QuantLab,Backtest Word Report,BacktestReport_05062026.docx,/Users/linzezhang/Downloads/量化回测分析/2026-06-05/BacktestReport_05062026.docx,2026-06-05,Review reusable EVA_OS evidence artifact.,2026-06-05T19:29:07,769.12,Decision Support,FACT,Observe,Recorded,0,0.0,0.0,0.0,0.0,0.0,0.0,,Unquantified,0.0,0,,,Review risk gates and missing evidence before using as decision support.
tokenRoi_a84dd97c8c54d98a9cdc,ArtifactEvidence,QuantLab,Data Quality,DataQuality_sample_CN_000011_20260605_192852.json,/Users/linzezhang/Downloads/量化回测分析/2026-06-05/DataQuality/DataQuality_sample_CN_000011_20260605_192852.json,2026-06-05,Review reusable EVA_OS evidence artifact.,2026-06-05T19:28:52,0.41,Data Credibility,FACT,Observe,Recorded,0,0.0,0.0,0.0,0.0,0.0,0.0,,Unquantified,0.0,0,,,"Use as evidence only after checking freshness, source, and limitations."
tokenRoi_27420538b4ab96d9e54a,ArtifactEvidence,QuantLab,Run Metadata,RunMetadata7_04062026.json,/Users/linzezhang/Downloads/量化回测分析/2026-06-04/RunMetadata7_04062026.json,2026-06-04,Review reusable EVA_OS evidence artifact.,2026-06-04T22:19:47,5.93,Traceability,FACT,Observe,Recorded,0,0.0,0.0,0.0,0.0,0.0,0.0,,Unquantified,0.0,0,,,Link this metadata to the related report and decision record.
tokenRoi_702c4e960d8fc965b330,ArtifactEvidence,QuantLab,Backtest Word Report,BacktestReport7_04062026.docx,/Users/linzezhang/Downloads/量化回测分析/2026-06-04/BacktestReport7_04062026.docx,2026-06-04,Review reusable EVA_OS evidence artifact.,2026-06-04T22:19:47,849.17,Decision Support,FACT,Observe,Recorded,0,0.0,0.0,0.0,0.0,0.0,0.0,,Unquantified,0.0,0,,,Review risk gates and missing evidence before using as decision support.
tokenRoi_5cd680d65b0d95a02076,ArtifactEvidence,QuantLab,Data Quality,DataQuality_sample_US_AAPL_20260604_221934.json,/Users/linzezhang/Downloads/量化回测分析/2026-06-04/DataQuality/DataQuality_sample_US_AAPL_20260604_221934.json,2026-06-04,Review reusable EVA_OS evidence artifact.,2026-06-04T22:19:34,0.41,Data Credibility,FACT,Observe,Recorded,0,0.0,0.0,0.0,0.0,0.0,0.0,,Unquantified,0.0,0,,,"Use as evidence only after checking freshness, source, and limitations."
tokenRoi_50dc9d0c2b134c1fa43d,ArtifactEvidence,QuantLab,Data Quality,DataQuality_sample_US_AAPL_20260604_221859.json,/Users/linzezhang/Downloads/量化回测分析/2026-06-04/DataQuality/DataQuality_sample_US_AAPL_20260604_221859.json,2026-06-04,Review reusable EVA_OS evidence artifact.,2026-06-04T22:18:59,0.41,Data Credibility,FACT,Observe,Recorded,0,0.0,0.0,0.0,0.0,0.0,0.0,,Unquantified,0.0,0,,,"Use as evidence only after checking freshness, source, and limitations."
tokenRoi_8aa9ee799c7e783e3875,ArtifactEvidence,QuantLab,Run Metadata,RunMetadata6_04062026.json,/Users/linzezhang/Downloads/量化回测分析/2026-06-04/RunMetadata6_04062026.json,2026-06-04,Review reusable EVA_OS evidence artifact.,2026-06-04T22:13:38,6.73,Traceability,FACT,Observe,Recorded,0,0.0,0.0,0.0,0.0,0.0,0.0,,Unquantified,0.0,0,,,Link this metadata to the related report and decision record.
tokenRoi_010f12ea5051c85bfa05,ArtifactEvidence,QuantLab,Backtest Word Report,BacktestReport6_04062026.docx,/Users/linzezhang/Downloads/量化回测分析/2026-06-04/BacktestReport6_04062026.docx,2026-06-04,Review reusable EVA_OS evidence artifact.,2026-06-04T22:13:38,853.78,Decision Support,FACT,Observe,Recorded,0,0.0,0.0,0.0,0.0,0.0,0.0,,Unquantified,0.0,0,,,Review risk gates and missing evidence before using as decision support.
tokenRoi_eff1c50260049efabce4,ArtifactEvidence,QuantLab,Data Quality,DataQuality_sample_US_AAPL_20260604_221317.json,/Users/linzezhang/Downloads/量化回测分析/2026-06-04/DataQuality/DataQuality_sample_US_AAPL_20260604_221317.json,2026-06-04,Review reusable EVA_OS evidence artifact.,2026-06-04T22:13:17,0.41,Data Credibility,FACT,Observe,Recorded,0,0.0,0.0,0.0,0.0,0.0,0.0,,Unquantified,0.0,0,,,"Use as evidence only after checking freshness, source, and limitations."
tokenRoi_cc4ab018e749e4a13fec,ArtifactEvidence,QuantLab,Data Quality,DataQuality_sample_US_AAPL_20260604_221313.json,/Users/linzezhang/Downloads/量化回测分析/2026-06-04/DataQuality/DataQuality_sample_US_AAPL_20260604_221313.json,2026-06-04,Review reusable EVA_OS evidence artifact.,2026-06-04T22:13:13,0.41,Data Credibility,FACT,Observe,Recorded,0,0.0,0.0,0.0,0.0,0.0,0.0,,Unquantified,0.0,0,,,"Use as evidence only after checking freshness, source, and limitations."
tokenRoi_144da81069d25ce91911,ArtifactEvidence,QuantLab,Run Metadata,RunMetadata5_04062026.json,/Users/linzezhang/Downloads/量化回测分析/2026-06-04/RunMetadata5_04062026.json,2026-06-04,Review reusable EVA_OS evidence artifact.,2026-06-04T14:50:31,6.85,Traceability,FACT,Observe,Recorded,0,0.0,0.0,0.0,0.0,0.0,0.0,,Unquantified,0.0,0,,,Link this metadata to the related report and decision record.
tokenRoi_f3f6b6b2814a69b59a2b,ArtifactEvidence,QuantLab,Backtest Word Report,BacktestReport5_04062026.docx,/Users/linzezhang/Downloads/量化回测分析/2026-06-04/BacktestReport5_04062026.docx,2026-06-04,Review reusable EVA_OS evidence artifact.,2026-06-04T14:50:31,870.16,Decision Support,FACT,Observe,Recorded,0,0.0,0.0,0.0,0.0,0.0,0.0,,Unquantified,0.0,0,,,Review risk gates and missing evidence before using as decision support.
tokenRoi_b54736e72ef06d25d8f6,ArtifactEvidence,QuantLab,Data Quality,DataQuality_sample_US_AAPL_20260604_145027.json,/Users/linzezhang/Downloads/量化回测分析/2026-06-04/DataQuality/DataQuality_sample_US_AAPL_20260604_145027.json,2026-06-04,Review reusable EVA_OS evidence artifact.,2026-06-04T14:50:27,0.41,Data Credibility,FACT,Observe,Recorded,0,0.0,0.0,0.0,0.0,0.0,0.0,,Unquantified,0.0,0,,,"Use as evidence only after checking freshness, source, and limitations."
tokenRoi_825d9bde46d0fde8bb59,ArtifactEvidence,QuantLab,Run Metadata,RunMetadata4_04062026.json,/Users/linzezhang/Downloads/量化回测分析/2026-06-04/RunMetadata4_04062026.json,2026-06-04,Review reusable EVA_OS evidence artifact.,2026-06-04T14:50:25,5.93,Traceability,FACT,Observe,Recorded,0,0.0,0.0,0.0,0.0,0.0,0.0,,Unquantified,0.0,0,,,Link this metadata to the related report and decision record.
tokenRoi_053e8a6f66ba460a5f19,ArtifactEvidence,QuantLab,Backtest Word Report,BacktestReport4_04062026.docx,/Users/linzezhang/Downloads/量化回测分析/2026-06-04/BacktestReport4_04062026.docx,2026-06-04,Review reusable EVA_OS evidence artifact.,2026-06-04T14:50:25,849.17,Decision Support,FACT,Observe,Recorded,0,0.0,0.0,0.0,0.0,0.0,0.0,,Unquantified,0.0,0,,,Review risk gates and missing evidence before using as decision support.
tokenRoi_8056e927ff182ca535c7,ArtifactEvidence,QuantLab,Data Quality,DataQuality_sample_US_AAPL_20260604_145020.json,/Users/linzezhang/Downloads/量化回测分析/2026-06-04/DataQuality/DataQuality_sample_US_AAPL_20260604_145020.json,2026-06-04,Review reusable EVA_OS evidence artifact.,2026-06-04T14:50:20,0.41,Data Credibility,FACT,Observe,Recorded,0,0.0,0.0,0.0,0.0,0.0,0.0,,Unquantified,0.0,0,,,"Use as evidence only after checking freshness, source, and limitations."
tokenRoi_4bb555a74a3f12bcb3a8,ArtifactEvidence,QuantLab,Walk Forward,walk_forward_validation.json,/Users/linzezhang/Downloads/量化回测分析/2026-06-04/Experiments/ma_scan_AAPL/walk_forward_validation.json,2026-06-04,Review reusable EVA_OS evidence artifact.,2026-06-04T10:37:14,15.65,Validation Efficiency,FACT,Observe,Recorded,0,0.0,0.0,0.0,0.0,0.0,0.0,,Unquantified,0.0,0,,,Compare against out-of-sample and walk-forward evidence before promotion.
tokenRoi_32c181ba812ba2f9f4d5,ArtifactEvidence,QuantLab,Experiment Validation,train_test_validation.json,/Users/linzezhang/Downloads/量化回测分析/2026-06-04/Experiments/ma_scan_AAPL/train_test_validation.json,2026-06-04,Review reusable EVA_OS evidence artifact.,2026-06-04T10:37:09,0.63,Validation Efficiency,FACT,Observe,Recorded,0,0.0,0.0,0.0,0.0,0.0,0.0,,Unquantified,0.0,0,,,Compare against out-of-sample and walk-forward evidence before promotion.
tokenRoi_4fe429674383155acbee,ArtifactEvidence,QuantLab,Experiment Summary,summary.csv,/Users/linzezhang/Downloads/量化回测分析/2026-06-04/Experiments/ma_scan_AAPL/summary.csv,2026-06-04,Review reusable EVA_OS evidence artifact.,2026-06-04T10:37:09,3.17,Validation Efficiency,FACT,Observe,Recorded,0,0.0,0.0,0.0,0.0,0.0,0.0,,Unquantified,0.0,0,,,Compare against out-of-sample and walk-forward evidence before promotion.
tokenRoi_4a2b23c679b6986e1821,ArtifactEvidence,QuantLab,Data Quality,DataQuality_sample_US_AAPL_20260604_103708.json,/Users/linzezhang/Downloads/量化回测分析/2026-06-04/DataQuality/DataQuality_sample_US_AAPL_20260604_103708.json,2026-06-04,Review reusable EVA_OS evidence artifact.,2026-06-04T10:37:08,0.41,Data Credibility,FACT,Observe,Recorded,0,0.0,0.0,0.0,0.0,0.0,0.0,,Unquantified,0.0,0,,,"Use as evidence only after checking freshness, source, and limitations."
tokenRoi_54f7d3a427cc9ff323b8,ArtifactEvidence,QuantLab,Data Quality,DataQuality_sample_US_AAPL_20260604_102639.json,/Users/linzezhang/Downloads/量化回测分析/2026-06-04/DataQuality/DataQuality_sample_US_AAPL_20260604_102639.json,2026-06-04,Review reusable EVA_OS evidence artifact.,2026-06-04T10:26:39,0.41,Data Credibility,FACT,Observe,Recorded,0,0.0,0.0,0.0,0.0,0.0,0.0,,Unquantified,0.0,0,,,"Use as evidence only after checking freshness, source, and limitations."
tokenRoi_8a8f3675e547991f7747,ArtifactEvidence,QuantLab,Run Metadata,RunMetadata3_04062026.json,/Users/linzezhang/Downloads/量化回测分析/2026-06-04/RunMetadata3_04062026.json,2026-06-04,Review reusable EVA_OS evidence artifact.,2026-06-04T10:17:34,1.67,Traceability,FACT,Observe,Recorded,0,0.0,0.0,0.0,0.0,0.0,0.0,,Unquantified,0.0,0,,,Link this metadata to the related report and decision record.
tokenRoi_b84f833c080f71e0aa2e,ArtifactEvidence,QuantLab,Backtest Word Report,BacktestReport3_04062026.docx,/Users/linzezhang/Downloads/量化回测分析/2026-06-04/BacktestReport3_04062026.docx,2026-06-04,Review reusable EVA_OS evidence artifact.,2026-06-04T10:17:34,904.05,Decision Support,FACT,Observe,Recorded,0,0.0,0.0,0.0,0.0,0.0,0.0,,Unquantified,0.0,0,,,Review risk gates and missing evidence before using as decision support.
tokenRoi_fb49673ce03c8030ea57,ArtifactEvidence,QuantLab,Data Quality,DataQuality_sample_US_QM=F_20260604_101726.json,/Users/linzezhang/Downloads/量化回测分析/2026-06-04/DataQuality/DataQuality_sample_US_QM=F_20260604_101726.json,2026-06-04,Review reusable EVA_OS evidence artifact.,2026-06-04T10:17:26,0.41,Data Credibility,FACT,Observe,Recorded,0,0.0,0.0,0.0,0.0,0.0,0.0,,Unquantified,0.0,0,,,"Use as evidence only after checking freshness, source, and limitations."
tokenRoi_ecc5c5313eedb09ff3b1,ArtifactEvidence,QuantLab,Backtest Word Report,BacktestReport2_04062026.docx,/Users/linzezhang/Downloads/量化回测分析/2026-06-04/BacktestReport2_04062026.docx,2026-06-04,Review reusable EVA_OS evidence artifact.,2026-06-04T10:17:25,784.83,Decision Support,FACT,Observe,Recorded,0,0.0,0.0,0.0,0.0,0.0,0.0,,Unquantified,0.0,0,,,Review risk gates and missing evidence before using as decision support.
tokenRoi_42e04fd66918f35d75d2,ArtifactEvidence,QuantLab,Data Quality,DataQuality_sample_US_Q_20260604_101715.json,/Users/linzezhang/Downloads/量化回测分析/2026-06-04/DataQuality/DataQuality_sample_US_Q_20260604_101715.json,2026-06-04,Review reusable EVA_OS evidence artifact.,2026-06-04T10:17:15,0.41,Data Credibility,FACT,Observe,Recorded,0,0.0,0.0,0.0,0.0,0.0,0.0,,Unquantified,0.0,0,,,"Use as evidence only after checking freshness, source, and limitations."
tokenRoi_44f258fc60a5ef5c1f9b,ArtifactEvidence,QuantLab,Backtest Word Report,BacktestReport_04062026.docx,/Users/linzezhang/Downloads/量化回测分析/2026-06-04/BacktestReport_04062026.docx,2026-06-04,Review reusable EVA_OS evidence artifact.,2026-06-04T10:16:03,844.92,Decision Support,FACT,Observe,Recorded,0,0.0,0.0,0.0,0.0,0.0,0.0,,Unquantified,0.0,0,,,Review risk gates and missing evidence before using as decision support.
tokenRoi_1fb264eeb1fcc6d9d165,ArtifactEvidence,QuantLab,Data Quality,DataQuality_sample_US_AAPL_20260604_101558.json,/Users/linzezhang/Downloads/量化回测分析/2026-06-04/DataQuality/DataQuality_sample_US_AAPL_20260604_101558.json,2026-06-04,Review reusable EVA_OS evidence artifact.,2026-06-04T10:15:58,0.41,Data Credibility,FACT,Observe,Recorded,0,0.0,0.0,0.0,0.0,0.0,0.0,,Unquantified,0.0,0,,,"Use as evidence only after checking freshness, source, and limitations."
tokenRoi_972a993d4e3c00bbb83c,ArtifactEvidence,QuantLab,Backtest Word Report,SampleBacktestReport_04062026.docx,/Users/linzezhang/Downloads/量化回测分析/2026-06-04/SampleBacktestReport_04062026.docx,2026-06-04,Review reusable EVA_OS evidence artifact.,2026-06-04T09:50:49,711.57,Decision Support,FACT,Observe,Recorded,0,0.0,0.0,0.0,0.0,0.0,0.0,,Unquantified,0.0,0,,,Review risk gates and missing evidence before using as decision support.
tokenRoi_f7b396a6ee5f814dafb5,ArtifactEvidence,QuantLab,Data Quality,DataQuality_sample_US_AAPL_20260604_095040.json,/Users/linzezhang/Downloads/量化回测分析/2026-06-04/DataQuality/DataQuality_sample_US_AAPL_20260604_095040.json,2026-06-04,Review reusable EVA_OS evidence artifact.,2026-06-04T09:50:40,0.41,Data Credibility,FACT,Observe,Recorded,0,0.0,0.0,0.0,0.0,0.0,0.0,,Unquantified,0.0,0,,,"Use as evidence only after checking freshness, source, and limitations."
tokenRoi_bc91083cee215e73a9c3,ArtifactEvidence,QuantLab,Run Metadata,RunMetadata18_03062026.json,/Users/linzezhang/Downloads/量化回测分析/2026-06-03/RunMetadata18_03062026.json,2026-06-03,Review reusable EVA_OS evidence artifact.,2026-06-03T22:09:41,1.67,Traceability,FACT,Observe,Recorded,0,0.0,0.0,0.0,0.0,0.0,0.0,,Unquantified,0.0,0,,,Link this metadata to the related report and decision record.
tokenRoi_cc5ffa4db7c9c28e4a88,ArtifactEvidence,QuantLab,Backtest Word Report,BacktestReport18_03062026.docx,/Users/linzezhang/Downloads/量化回测分析/2026-06-03/BacktestReport18_03062026.docx,2026-06-03,Review reusable EVA_OS evidence artifact.,2026-06-03T22:09:41,246.8,Decision Support,FACT,Observe,Recorded,0,0.0,0.0,0.0,0.0,0.0,0.0,,Unquantified,0.0,0,,,Review risk gates and missing evidence before using as decision support.
tokenRoi_92427d48378704579d31,ArtifactEvidence,QuantLab,Data Quality,DataQuality_sample_US_QQQ_20260603_220939.json,/Users/linzezhang/Downloads/量化回测分析/2026-06-03/DataQuality/DataQuality_sample_US_QQQ_20260603_220939.json,2026-06-03,Review reusable EVA_OS evidence artifact.,2026-06-03T22:09:39,0.41,Data Credibility,FACT,Observe,Recorded,0,0.0,0.0,0.0,0.0,0.0,0.0,,Unquantified,0.0,0,,,"Use as evidence only after checking freshness, source, and limitations."
tokenRoi_9f5f9174758feffbad8e,ArtifactEvidence,QuantLab,Run Metadata,RunMetadata17_03062026.json,/Users/linzezhang/Downloads/量化回测分析/2026-06-03/RunMetadata17_03062026.json,2026-06-03,Review reusable EVA_OS evidence artifact.,2026-06-03T22:05:51,1.67,Traceability,FACT,Observe,Recorded,0,0.0,0.0,0.0,0.0,0.0,0.0,,Unquantified,0.0,0,,,Link this metadata to the related report and decision record.
tokenRoi_fb68045aba3e04ef9692,ArtifactEvidence,QuantLab,Backtest Word Report,BacktestReport17_03062026.docx,/Users/linzezhang/Downloads/量化回测分析/2026-06-03/BacktestReport17_03062026.docx,2026-06-03,Review reusable EVA_OS evidence artifact.,2026-06-03T22:05:51,243.49,Decision Support,FACT,Observe,Recorded,0,0.0,0.0,0.0,0.0,0.0,0.0,,Unquantified,0.0,0,,,Review risk gates and missing evidence before using as decision support.
tokenRoi_0fcc64525eb3ceada76f,ArtifactEvidence,QuantLab,Data Quality,DataQuality_sample_US_AAPL_20260603_220538.json,/Users/linzezhang/Downloads/量化回测分析/2026-06-03/DataQuality/DataQuality_sample_US_AAPL_20260603_220538.json,2026-06-03,Review reusable EVA_OS evidence artifact.,2026-06-03T22:05:38,0.41,Data Credibility,FACT,Observe,Recorded,0,0.0,0.0,0.0,0.0,0.0,0.0,,Unquantified,0.0,0,,,"Use as evidence only after checking freshness, source, and limitations."
tokenRoi_fd0dba0b76c1a01e8b5b,ArtifactEvidence,QuantLab,Run Metadata,RunMetadata16_03062026.json,/Users/linzezhang/Downloads/量化回测分析/2026-06-03/RunMetadata16_03062026.json,2026-06-03,Review reusable EVA_OS evidence artifact.,2026-06-03T21:46:35,1.67,Traceability,FACT,Observe,Recorded,0,0.0,0.0,0.0,0.0,0.0,0.0,,Unquantified,0.0,0,,,Link this metadata to the related report and decision record.
tokenRoi_ecde3a8f1b094112672e,ArtifactEvidence,QuantLab,Backtest Word Report,BacktestReport16_03062026.docx,/Users/linzezhang/Downloads/量化回测分析/2026-06-03/BacktestReport16_03062026.docx,2026-06-03,Review reusable EVA_OS evidence artifact.,2026-06-03T21:46:35,251.46,Decision Support,FACT,Observe,Recorded,0,0.0,0.0,0.0,0.0,0.0,0.0,,Unquantified,0.0,0,,,Review risk gates and missing evidence before using as decision support.
tokenRoi_e063f19e76da4e88c9d5,ArtifactEvidence,QuantLab,Data Quality,DataQuality_sample_US_AAPL_20260603_214632.json,/Users/linzezhang/Downloads/量化回测分析/2026-06-03/DataQuality/DataQuality_sample_US_AAPL_20260603_214632.json,2026-06-03,Review reusable EVA_OS evidence artifact.,2026-06-03T21:46:32,0.41,Data Credibility,FACT,Observe,Recorded,0,0.0,0.0,0.0,0.0,0.0,0.0,,Unquantified,0.0,0,,,"Use as evidence only after checking freshness, source, and limitations."
tokenRoi_9ee2b25738a74f2ed9ad,ArtifactEvidence,QuantLab,Run Metadata,RunMetadata15_03062026.json,/Users/linzezhang/Downloads/量化回测分析/2026-06-03/RunMetadata15_03062026.json,2026-06-03,Review reusable EVA_OS evidence artifact.,2026-06-03T21:44:14,1.68,Traceability,FACT,Observe,Recorded,0,0.0,0.0,0.0,0.0,0.0,0.0,,Unquantified,0.0,0,,,Link this metadata to the related report and decision record.
tokenRoi_a7466040acca1636f10e,ArtifactEvidence,QuantLab,Backtest Word Report,BacktestReport15_03062026.docx,/Users/linzezhang/Downloads/量化回测分析/2026-06-03/BacktestReport15_03062026.docx,2026-06-03,Review reusable EVA_OS evidence artifact.,2026-06-03T21:44:14,221.33,Decision Support,FACT,Observe,Recorded,0,0.0,0.0,0.0,0.0,0.0,0.0,,Unquantified,0.0,0,,,Review risk gates and missing evidence before using as decision support.
tokenRoi_80e37c58ec8fd9f61641,ArtifactEvidence,QuantLab,Data Quality,DataQuality_sample_US_AAPL_20260603_214410.json,/Users/linzezhang/Downloads/量化回测分析/2026-06-03/DataQuality/DataQuality_sample_US_AAPL_20260603_214410.json,2026-06-03,Review reusable EVA_OS evidence artifact.,2026-06-03T21:44:10,0.41,Data Credibility,FACT,Observe,Recorded,0,0.0,0.0,0.0,0.0,0.0,0.0,,Unquantified,0.0,0,,,"Use as evidence only after checking freshness, source, and limitations."
tokenRoi_05effbcbaabe095ac8aa,ArtifactEvidence,QuantLab,Run Metadata,RunMetadata14_03062026.json,/Users/linzezhang/Downloads/量化回测分析/2026-06-03/RunMetadata14_03062026.json,2026-06-03,Review reusable EVA_OS evidence artifact.,2026-06-03T21:07:36,1.03,Traceability,FACT,Observe,Recorded,0,0.0,0.0,0.0,0.0,0.0,0.0,,Unquantified,0.0,0,,,Link this metadata to the related report and decision record.
tokenRoi_f28ba7c334aa8c50a705,ArtifactEvidence,QuantLab,Backtest Word Report,BacktestReport14_03062026.docx,/Users/linzezhang/Downloads/量化回测分析/2026-06-03/BacktestReport14_03062026.docx,2026-06-03,Review reusable EVA_OS evidence artifact.,2026-06-03T21:07:36,223.76,Decision Support,FACT,Observe,Recorded,0,0.0,0.0,0.0,0.0,0.0,0.0,,Unquantified,0.0,0,,,Review risk gates and missing evidence before using as decision support.
tokenRoi_a0101ce9289a44d1e780,ArtifactEvidence,QuantLab,Data Quality,DataQuality_sample_US_QQQ_20260603_210727.json,/Users/linzezhang/Downloads/量化回测分析/2026-06-03/DataQuality/DataQuality_sample_US_QQQ_20260603_210727.json,2026-06-03,Review reusable EVA_OS evidence artifact.,2026-06-03T21:07:27,0.41,Data Credibility,FACT,Observe,Recorded,0,0.0,0.0,0.0,0.0,0.0,0.0,,Unquantified,0.0,0,,,"Use as evidence only after checking freshness, source, and limitations."
tokenRoi_63d7540faa3defc0cf08,ArtifactEvidence,QuantLab,Data Quality,DataQuality_yahoo_finance_US_AAPL_20260603_203737.json,/Users/linzezhang/Downloads/量化回测分析/2026-06-03/DataQuality/DataQuality_yahoo_finance_US_AAPL_20260603_203737.json,2026-06-03,Review reusable EVA_OS evidence artifact.,2026-06-03T20:37:37,0.42,Data Credibility,FACT,Observe,Recorded,0,0.0,0.0,0.0,0.0,0.0,0.0,,Unquantified,0.0,0,,,"Use as evidence only after checking freshness, source, and limitations."
tokenRoi_2f969d4cb7feb343315e,ArtifactEvidence,QuantLab,Data Quality,DataQuality_moomoo_US_AAPL_20260603_203659.json,/Users/linzezhang/Downloads/量化回测分析/2026-06-03/DataQuality/DataQuality_moomoo_US_AAPL_20260603_203659.json,2026-06-03,Review reusable EVA_OS evidence artifact.,2026-06-03T20:36:59,0.46,Data Credibility,FACT,Observe,Recorded,0,0.0,0.0,0.0,0.0,0.0,0.0,,Unquantified,0.0,0,,,"Use as evidence only after checking freshness, source, and limitations."
tokenRoi_12ed612371b7d3e66a98,ArtifactEvidence,QuantLab,Data Quality,DataQuality_moomoo_US_AAPL_20260603_203618.json,/Users/linzezhang/Downloads/量化回测分析/2026-06-03/DataQuality/DataQuality_moomoo_US_AAPL_20260603_203618.json,2026-06-03,Review reusable EVA_OS evidence artifact.,2026-06-03T20:36:18,0.46,Data Credibility,FACT,Observe,Recorded,0,0.0,0.0,0.0,0.0,0.0,0.0,,Unquantified,0.0,0,,,"Use as evidence only after checking freshness, source, and limitations."
tokenRoi_bfe769429b93038d0f74,ArtifactEvidence,QuantLab,Data Quality,DataQuality_yahoo_finance_US_AAPL_20260603_203214.json,/Users/linzezhang/Downloads/量化回测分析/2026-06-03/DataQuality/DataQuality_yahoo_finance_US_AAPL_20260603_203214.json,2026-06-03,Review reusable EVA_OS evidence artifact.,2026-06-03T20:32:14,0.42,Data Credibility,FACT,Observe,Recorded,0,0.0,0.0,0.0,0.0,0.0,0.0,,Unquantified,0.0,0,,,"Use as evidence only after checking freshness, source, and limitations."
tokenRoi_6e5e87c57aa67a48c050,ArtifactEvidence,QuantLab,Data Quality,DataQuality_moomoo_US_AAPL_20260603_203206.json,/Users/linzezhang/Downloads/量化回测分析/2026-06-03/DataQuality/DataQuality_moomoo_US_AAPL_20260603_203206.json,2026-06-03,Review reusable EVA_OS evidence artifact.,2026-06-03T20:32:06,0.46,Data Credibility,FACT,Observe,Recorded,0,0.0,0.0,0.0,0.0,0.0,0.0,,Unquantified,0.0,0,,,"Use as evidence only after checking freshness, source, and limitations."
tokenRoi_072cd0d7bc4e74e7efa1,ArtifactEvidence,QuantLab,Data Quality,DataQuality_moomoo_US_AAPL_20260603_202841.json,/Users/linzezhang/Downloads/量化回测分析/2026-06-03/DataQuality/DataQuality_moomoo_US_AAPL_20260603_202841.json,2026-06-03,Review reusable EVA_OS evidence artifact.,2026-06-03T20:28:41,0.46,Data Credibility,FACT,Observe,Recorded,0,0.0,0.0,0.0,0.0,0.0,0.0,,Unquantified,0.0,0,,,"Use as evidence only after checking freshness, source, and limitations."
tokenRoi_7141a43e44f31186c70a,ArtifactEvidence,QuantLab,Data Quality,DataQuality_moomoo_US_AAPL_20260603_202749.json,/Users/linzezhang/Downloads/量化回测分析/2026-06-03/DataQuality/DataQuality_moomoo_US_AAPL_20260603_202749.json,2026-06-03,Review reusable EVA_OS evidence artifact.,2026-06-03T20:27:49,0.46,Data Credibility,FACT,Observe,Recorded,0,0.0,0.0,0.0,0.0,0.0,0.0,,Unquantified,0.0,0,,,"Use as evidence only after checking freshness, source, and limitations."
tokenRoi_b75e231c84e1acdf7350,ArtifactEvidence,QuantLab,Run Metadata,RunMetadata4_03062026.json,/Users/linzezhang/Downloads/量化回测分析/2026-06-03/RunMetadata4_03062026.json,2026-06-03,Review reusable EVA_OS evidence artifact.,2026-06-03T20:12:24,1.04,Traceability,FACT,Observe,Recorded,0,0.0,0.0,0.0,0.0,0.0,0.0,,Unquantified,0.0,0,,,Link this metadata to the related report and decision record.
tokenRoi_78e288efdcef8db4e986,ArtifactEvidence,QuantLab,Backtest Word Report,SampleBacktestReport4_03062026.docx,/Users/linzezhang/Downloads/量化回测分析/2026-06-03/SampleBacktestReport4_03062026.docx,2026-06-03,Review reusable EVA_OS evidence artifact.,2026-06-03T20:12:24,222.65,Decision Support,FACT,Observe,Recorded,0,0.0,0.0,0.0,0.0,0.0,0.0,,Unquantified,0.0,0,,,Review risk gates and missing evidence before using as decision support.
tokenRoi_4fb05eee3c3c199ebf1a,ArtifactEvidence,QuantLab,Data Quality,DataQuality_sample_US_AAPL_20260603_201222.json,/Users/linzezhang/Downloads/量化回测分析/2026-06-03/DataQuality/DataQuality_sample_US_AAPL_20260603_201222.json,2026-06-03,Review reusable EVA_OS evidence artifact.,2026-06-03T20:12:22,0.41,Data Credibility,FACT,Observe,Recorded,0,0.0,0.0,0.0,0.0,0.0,0.0,,Unquantified,0.0,0,,,"Use as evidence only after checking freshness, source, and limitations."
tokenRoi_a31597e9ec637d3ea9cc,ArtifactEvidence,QuantLab,Run Metadata,RunMetadata3_03062026.json,/Users/linzezhang/Downloads/量化回测分析/2026-06-03/RunMetadata3_03062026.json,2026-06-03,Review reusable EVA_OS evidence artifact.,2026-06-03T19:48:41,1.04,Traceability,FACT,Observe,Recorded,0,0.0,0.0,0.0,0.0,0.0,0.0,,Unquantified,0.0,0,,,Link this metadata to the related report and decision record.
tokenRoi_84005b8339c6ece9c7cd,ArtifactEvidence,QuantLab,Backtest Word Report,SampleBacktestReport3_03062026.docx,/Users/linzezhang/Downloads/量化回测分析/2026-06-03/SampleBacktestReport3_03062026.docx,2026-06-03,Review reusable EVA_OS evidence artifact.,2026-06-03T19:48:41,222.65,Decision Support,FACT,Observe,Recorded,0,0.0,0.0,0.0,0.0,0.0,0.0,,Unquantified,0.0,0,,,Review risk gates and missing evidence before using as decision support.
tokenRoi_8f70da47493127cfa234,ArtifactEvidence,QuantLab,Data Quality,DataQuality_sample_US_AAPL_20260603_194837.json,/Users/linzezhang/Downloads/量化回测分析/2026-06-03/DataQuality/DataQuality_sample_US_AAPL_20260603_194837.json,2026-06-03,Review reusable EVA_OS evidence artifact.,2026-06-03T19:48:37,0.41,Data Credibility,FACT,Observe,Recorded,0,0.0,0.0,0.0,0.0,0.0,0.0,,Unquantified,0.0,0,,,"Use as evidence only after checking freshness, source, and limitations."
tokenRoi_a1008d031c62b74adcc5,ArtifactEvidence,QuantLab,Run Metadata,RunMetadata13_03062026.json,/Users/linzezhang/Downloads/量化回测分析/2026-06-03/RunMetadata13_03062026.json,2026-06-03,Review reusable EVA_OS evidence artifact.,2026-06-03T19:09:44,1.05,Traceability,FACT,Observe,Recorded,0,0.0,0.0,0.0,0.0,0.0,0.0,,Unquantified,0.0,0,,,Link this metadata to the related report and decision record.
tokenRoi_6f67799d76f12d41e61a,ArtifactEvidence,QuantLab,Backtest Word Report,BacktestReport13_03062026.docx,/Users/linzezhang/Downloads/量化回测分析/2026-06-03/BacktestReport13_03062026.docx,2026-06-03,Review reusable EVA_OS evidence artifact.,2026-06-03T19:09:44,222.04,Decision Support,FACT,Observe,Recorded,0,0.0,0.0,0.0,0.0,0.0,0.0,,Unquantified,0.0,0,,,Review risk gates and missing evidence before using as decision support.
tokenRoi_182e10cbe7b455b574c7,ArtifactEvidence,QuantLab,Data Quality,DataQuality_sample_CN_300024_20260603_190944.json,/Users/linzezhang/Downloads/量化回测分析/2026-06-03/DataQuality/DataQuality_sample_CN_300024_20260603_190944.json,2026-06-03,Review reusable EVA_OS evidence artifact.,2026-06-03T19:09:44,0.41,Data Credibility,FACT,Observe,Recorded,0,0.0,0.0,0.0,0.0,0.0,0.0,,Unquantified,0.0,0,,,"Use as evidence only after checking freshness, source, and limitations."
tokenRoi_0481bdcb7f8a3b3979f4,ArtifactEvidence,QuantLab,Run Metadata,RunMetadata12_03062026.json,/Users/linzezhang/Downloads/量化回测分析/2026-06-03/RunMetadata12_03062026.json,2026-06-03,Review reusable EVA_OS evidence artifact.,2026-06-03T18:49:50,1.05,Traceability,FACT,Observe,Recorded,0,0.0,0.0,0.0,0.0,0.0,0.0,,Unquantified,0.0,0,,,Link this metadata to the related report and decision record.
tokenRoi_915876be9af14f327401,ArtifactEvidence,QuantLab,Backtest Word Report,BacktestReport12_03062026.docx,/Users/linzezhang/Downloads/量化回测分析/2026-06-03/BacktestReport12_03062026.docx,2026-06-03,Review reusable EVA_OS evidence artifact.,2026-06-03T18:49:50,222.04,Decision Support,FACT,Observe,Recorded,0,0.0,0.0,0.0,0.0,0.0,0.0,,Unquantified,0.0,0,,,Review risk gates and missing evidence before using as decision support.
tokenRoi_d1dc07b8b9d02f32b822,ArtifactEvidence,QuantLab,Data Quality,DataQuality_sample_CN_300024_20260603_184948.json,/Users/linzezhang/Downloads/量化回测分析/2026-06-03/DataQuality/DataQuality_sample_CN_300024_20260603_184948.json,2026-06-03,Review reusable EVA_OS evidence artifact.,2026-06-03T18:49:48,0.41,Data Credibility,FACT,Observe,Recorded,0,0.0,0.0,0.0,0.0,0.0,0.0,,Unquantified,0.0,0,,,"Use as evidence only after checking freshness, source, and limitations."
tokenRoi_ec1a5235f4dff7bc1b42,ArtifactEvidence,QuantLab,Run Metadata,RunMetadata11_03062026.json,/Users/linzezhang/Downloads/量化回测分析/2026-06-03/RunMetadata11_03062026.json,2026-06-03,Review reusable EVA_OS evidence artifact.,2026-06-03T18:47:53,1.05,Traceability,FACT,Observe,Recorded,0,0.0,0.0,0.0,0.0,0.0,0.0,,Unquantified,0.0,0,,,Link this metadata to the related report and decision record.
tokenRoi_ea216e737a16036d6fe5,ArtifactEvidence,QuantLab,Backtest Word Report,BacktestReport11_03062026.docx,/Users/linzezhang/Downloads/量化回测分析/2026-06-03/BacktestReport11_03062026.docx,2026-06-03,Review reusable EVA_OS evidence artifact.,2026-06-03T18:47:53,225.49,Decision Support,FACT,Observe,Recorded,0,0.0,0.0,0.0,0.0,0.0,0.0,,Unquantified,0.0,0,,,Review risk gates and missing evidence before using as decision support.
tokenRoi_cc4c3f8623942ab1aef7,ArtifactEvidence,QuantLab,Data Quality,DataQuality_sample_CN_300024_20260603_184752.json,/Users/linzezhang/Downloads/量化回测分析/2026-06-03/DataQuality/DataQuality_sample_CN_300024_20260603_184752.json,2026-06-03,Review reusable EVA_OS evidence artifact.,2026-06-03T18:47:52,0.41,Data Credibility,FACT,Observe,Recorded,0,0.0,0.0,0.0,0.0,0.0,0.0,,Unquantified,0.0,0,,,"Use as evidence only after checking freshness, source, and limitations."
tokenRoi_9e9848420517ca64cec7,ArtifactEvidence,QuantLab,Run Metadata,RunMetadata10_03062026.json,/Users/linzezhang/Downloads/量化回测分析/2026-06-03/RunMetadata10_03062026.json,2026-06-03,Review reusable EVA_OS evidence artifact.,2026-06-03T18:06:19,1.04,Traceability,FACT,Observe,Recorded,0,0.0,0.0,0.0,0.0,0.0,0.0,,Unquantified,0.0,0,,,Link this metadata to the related report and decision record.
tokenRoi_4844268a979fa4018ea0,ArtifactEvidence,QuantLab,Backtest Word Report,BacktestReport10_03062026.docx,/Users/linzezhang/Downloads/量化回测分析/2026-06-03/BacktestReport10_03062026.docx,2026-06-03,Review reusable EVA_OS evidence artifact.,2026-06-03T18:06:19,222.83,Decision Support,FACT,Observe,Recorded,0,0.0,0.0,0.0,0.0,0.0,0.0,,Unquantified,0.0,0,,,Review risk gates and missing evidence before using as decision support.
tokenRoi_0fcea2db26d62b6b0061,ArtifactEvidence,QuantLab,Data Quality,DataQuality_sample_CN_018094_20260603_180615.json,/Users/linzezhang/Downloads/量化回测分析/2026-06-03/DataQuality/DataQuality_sample_CN_018094_20260603_180615.json,2026-06-03,Review reusable EVA_OS evidence artifact.,2026-06-03T18:06:15,0.41,Data Credibility,FACT,Observe,Recorded,0,0.0,0.0,0.0,0.0,0.0,0.0,,Unquantified,0.0,0,,,"Use as evidence only after checking freshness, source, and limitations."
tokenRoi_856fb8287d2d4bf71401,ArtifactEvidence,QuantLab,Run Metadata,RunMetadata9_03062026.json,/Users/linzezhang/Downloads/量化回测分析/2026-06-03/RunMetadata9_03062026.json,2026-06-03,Review reusable EVA_OS evidence artifact.,2026-06-03T17:42:56,1.06,Traceability,FACT,Observe,Recorded,0,0.0,0.0,0.0,0.0,0.0,0.0,,Unquantified,0.0,0,,,Link this metadata to the related report and decision record.
tokenRoi_02a59a71190745d71495,ArtifactEvidence,QuantLab,Backtest Word Report,BacktestReport9_03062026.docx,/Users/linzezhang/Downloads/量化回测分析/2026-06-03/BacktestReport9_03062026.docx,2026-06-03,Review reusable EVA_OS evidence artifact.,2026-06-03T17:42:56,219.76,Decision Support,FACT,Observe,Recorded,0,0.0,0.0,0.0,0.0,0.0,0.0,,Unquantified,0.0,0,,,Review risk gates and missing evidence before using as decision support.
tokenRoi_a4c0ffb6d8070aa0613b,ArtifactEvidence,QuantLab,Data Quality,DataQuality_sample_US_AAPL_20260603_174253.json,/Users/linzezhang/Downloads/量化回测分析/2026-06-03/DataQuality/DataQuality_sample_US_AAPL_20260603_174253.json,2026-06-03,Review reusable EVA_OS evidence artifact.,2026-06-03T17:42:53,0.41,Data Credibility,FACT,Observe,Recorded,0,0.0,0.0,0.0,0.0,0.0,0.0,,Unquantified,0.0,0,,,"Use as evidence only after checking freshness, source, and limitations."
tokenRoi_492f848b84480b404761,ArtifactEvidence,QuantLab,Backtest Word Report,SampleBacktestReport2_03062026.docx,/Users/linzezhang/Downloads/量化回测分析/2026-06-03/SampleBacktestReport2_03062026.docx,2026-06-03,Review reusable EVA_OS evidence artifact.,2026-06-03T17:25:04,223.63,Decision Support,FACT,Observe,Recorded,0,0.0,0.0,0.0,0.0,0.0,0.0,,Unquantified,0.0,0,,,Review risk gates and missing evidence before using as decision support.
tokenRoi_ffbdeaffc6f1412e15b6,ArtifactEvidence,QuantLab,Data Quality,DataQuality_sample_US_AAPL_20260603_172457.json,/Users/linzezhang/Downloads/量化回测分析/2026-06-03/DataQuality/DataQuality_sample_US_AAPL_20260603_172457.json,2026-06-03,Review reusable EVA_OS evidence artifact.,2026-06-03T17:24:57,0.41,Data Credibility,FACT,Observe,Recorded,0,0.0,0.0,0.0,0.0,0.0,0.0,,Unquantified,0.0,0,,,"Use as evidence only after checking freshness, source, and limitations."
tokenRoi_48e9f7609d52459ab0ea,ArtifactEvidence,QuantLab,Data Quality,DataQuality_akshare_CN_600000_20260603_163919.json,/Users/linzezhang/Downloads/量化回测分析/2026-06-03/DataQuality/DataQuality_akshare_CN_600000_20260603_163919.json,2026-06-03,Review reusable EVA_OS evidence artifact.,2026-06-03T16:39:19,0.41,Data Credibility,FACT,Observe,Recorded,0,0.0,0.0,0.0,0.0,0.0,0.0,,Unquantified,0.0,0,,,"Use as evidence only after checking freshness, source, and limitations."
tokenRoi_b085c8206b5f48fc841b,ArtifactEvidence,QuantLab,Data Quality,DataQuality_yahoo_finance_US_AAPL_20260603_163907.json,/Users/linzezhang/Downloads/量化回测分析/2026-06-03/DataQuality/DataQuality_yahoo_finance_US_AAPL_20260603_163907.json,2026-06-03,Review reusable EVA_OS evidence artifact.,2026-06-03T16:39:07,0.42,Data Credibility,FACT,Observe,Recorded,0,0.0,0.0,0.0,0.0,0.0,0.0,,Unquantified,0.0,0,,,"Use as evidence only after checking freshness, source, and limitations."
tokenRoi_9e281bd71706569c1b21,ArtifactEvidence,QuantLab,Data Quality,DataQuality_yahoo_finance_US_AAPL_20260603_163821.json,/Users/linzezhang/Downloads/量化回测分析/2026-06-03/DataQuality/DataQuality_yahoo_finance_US_AAPL_20260603_163821.json,2026-06-03,Review reusable EVA_OS evidence artifact.,2026-06-03T16:38:21,0.42,Data Credibility,FACT,Observe,Recorded,0,0.0,0.0,0.0,0.0,0.0,0.0,,Unquantified,0.0,0,,,"Use as evidence only after checking freshness, source, and limitations."
tokenRoi_3231aeb1db19bce99608,ArtifactEvidence,QuantLab,Data Quality,DataQuality_akshare_CN_600000_20260603_163315.json,/Users/linzezhang/Downloads/量化回测分析/2026-06-03/DataQuality/DataQuality_akshare_CN_600000_20260603_163315.json,2026-06-03,Review reusable EVA_OS evidence artifact.,2026-06-03T16:33:15,0.41,Data Credibility,FACT,Observe,Recorded,0,0.0,0.0,0.0,0.0,0.0,0.0,,Unquantified,0.0,0,,,"Use as evidence only after checking freshness, source, and limitations."
tokenRoi_d62816ec5022e291f03d,ArtifactEvidence,QuantLab,Data Quality,DataQuality_yahoo_finance_US_AAPL_20260603_163240.json,/Users/linzezhang/Downloads/量化回测分析/2026-06-03/DataQuality/DataQuality_yahoo_finance_US_AAPL_20260603_163240.json,2026-06-03,Review reusable EVA_OS evidence artifact.,2026-06-03T16:32:40,0.42,Data Credibility,FACT,Observe,Recorded,0,0.0,0.0,0.0,0.0,0.0,0.0,,Unquantified,0.0,0,,,"Use as evidence only after checking freshness, source, and limitations."
tokenRoi_aa0f068043ee467272dd,ArtifactEvidence,QuantLab,Backtest Word Report,SampleBacktestReport_03062026.docx,/Users/linzezhang/Downloads/量化回测分析/2026-06-03/SampleBacktestReport_03062026.docx,2026-06-03,Review reusable EVA_OS evidence artifact.,2026-06-03T16:03:40,223.63,Decision Support,FACT,Observe,Recorded,0,0.0,0.0,0.0,0.0,0.0,0.0,,Unquantified,0.0,0,,,Review risk gates and missing evidence before using as decision support.
tokenRoi_3a36dc9fa04658a027c4,ArtifactEvidence,QuantLab,Data Quality,DataQuality_sample_US_AAPL_20260603_160338.json,/Users/linzezhang/Downloads/量化回测分析/2026-06-03/DataQuality/DataQuality_sample_US_AAPL_20260603_160338.json,2026-06-03,Review reusable EVA_OS evidence artifact.,2026-06-03T16:03:38,0.41,Data Credibility,FACT,Observe,Recorded,0,0.0,0.0,0.0,0.0,0.0,0.0,,Unquantified,0.0,0,,,"Use as evidence only after checking freshness, source, and limitations."
tokenRoi_114899fe0ab986bd8d5b,ArtifactEvidence,QuantLab,Run Metadata,RunMetadata8_03062026.json,/Users/linzezhang/Downloads/量化回测分析/2026-06-03/RunMetadata8_03062026.json,2026-06-03,Review reusable EVA_OS evidence artifact.,2026-06-03T15:09:40,1.06,Traceability,FACT,Observe,Recorded,0,0.0,0.0,0.0,0.0,0.0,0.0,,Unquantified,0.0,0,,,Link this metadata to the related report and decision record.
tokenRoi_ae804539a9fbc3a966ee,ArtifactEvidence,QuantLab,Backtest Word Report,BacktestReport8_03062026.docx,/Users/linzezhang/Downloads/量化回测分析/2026-06-03/BacktestReport8_03062026.docx,2026-06-03,Review reusable EVA_OS evidence artifact.,2026-06-03T15:09:40,219.5,Decision Support,FACT,Observe,Recorded,0,0.0,0.0,0.0,0.0,0.0,0.0,,Unquantified,0.0,0,,,Review risk gates and missing evidence before using as decision support.
tokenRoi_349cb441cb2f0720ffa6,ArtifactEvidence,QuantLab,Data Quality,DataQuality_sample_US_AAPL_20260603_150938.json,/Users/linzezhang/Downloads/量化回测分析/2026-06-03/DataQuality/DataQuality_sample_US_AAPL_20260603_150938.json,2026-06-03,Review reusable EVA_OS evidence artifact.,2026-06-03T15:09:38,0.41,Data Credibility,FACT,Observe,Recorded,0,0.0,0.0,0.0,0.0,0.0,0.0,,Unquantified,0.0,0,,,"Use as evidence only after checking freshness, source, and limitations."
tokenRoi_59b2baf2224fa81e4500,ArtifactEvidence,QuantLab,Run Metadata,RunMetadata7_03062026.json,/Users/linzezhang/Downloads/量化回测分析/2026-06-03/RunMetadata7_03062026.json,2026-06-03,Review reusable EVA_OS evidence artifact.,2026-06-03T14:51:41,1.04,Traceability,FACT,Observe,Recorded,0,0.0,0.0,0.0,0.0,0.0,0.0,,Unquantified,0.0,0,,,Link this metadata to the related report and decision record.
tokenRoi_30693149fd26d8f6437f,ArtifactEvidence,QuantLab,Backtest Word Report,BacktestReport7_03062026.docx,/Users/linzezhang/Downloads/量化回测分析/2026-06-03/BacktestReport7_03062026.docx,2026-06-03,Review reusable EVA_OS evidence artifact.,2026-06-03T14:51:41,222.95,Decision Support,FACT,Observe,Recorded,0,0.0,0.0,0.0,0.0,0.0,0.0,,Unquantified,0.0,0,,,Review risk gates and missing evidence before using as decision support.
tokenRoi_66aa071e999630b91a67,ArtifactEvidence,QuantLab,Experiment Summary,summary.csv,/Users/linzezhang/Downloads/量化回测分析/2026-06-03/Experiments/sample_ma_scan/summary.csv,2026-06-03,Review reusable EVA_OS evidence artifact.,2026-06-03T14:51:27,3.12,Validation Efficiency,FACT,Observe,Recorded,0,0.0,0.0,0.0,0.0,0.0,0.0,,Unquantified,0.0,0,,,Compare against out-of-sample and walk-forward evidence before promotion.
tokenRoi_68d9bbe1e43745d8d192,ArtifactEvidence,QuantLab,Data Quality,DataQuality_yahoo_finance_US_AAPL_20260603_145125.json,/Users/linzezhang/Downloads/量化回测分析/2026-06-03/DataQuality/DataQuality_yahoo_finance_US_AAPL_20260603_145125.json,2026-06-03,Review reusable EVA_OS evidence artifact.,2026-06-03T14:51:25,0.42,Data Credibility,FACT,Observe,Recorded,0,0.0,0.0,0.0,0.0,0.0,0.0,,Unquantified,0.0,0,,,"Use as evidence only after checking freshness, source, and limitations."
tokenRoi_e89205d2ec063eb747cf,ArtifactEvidence,QuantLab,Strategy Review Report,StrategyReviewReport_03062026.docx,/Users/linzezhang/Downloads/量化回测分析/2026-06-03/StrategyReviewReport_03062026.docx,2026-06-03,Review reusable EVA_OS evidence artifact.,2026-06-03T14:47:27,37.7,Reusable Asset,FACT,Observe,Recorded,0,0.0,0.0,0.0,0.0,0.0,0.0,,Unquantified,0.0,0,,,Decide whether this artifact should become a reusable asset or be archived.
tokenRoi_665b6346b3f34b691a78,ArtifactEvidence,QuantLab,Run Metadata,RunMetadata6_03062026.json,/Users/linzezhang/Downloads/量化回测分析/2026-06-03/RunMetadata6_03062026.json,2026-06-03,Review reusable EVA_OS evidence artifact.,2026-06-03T14:20:15,1.04,Traceability,FACT,Observe,Recorded,0,0.0,0.0,0.0,0.0,0.0,0.0,,Unquantified,0.0,0,,,Link this metadata to the related report and decision record.
tokenRoi_71a820bb8f468fd10292,ArtifactEvidence,QuantLab,Backtest Word Report,BacktestReport6_03062026.docx,/Users/linzezhang/Downloads/量化回测分析/2026-06-03/BacktestReport6_03062026.docx,2026-06-03,Review reusable EVA_OS evidence artifact.,2026-06-03T14:20:15,222.95,Decision Support,FACT,Observe,Recorded,0,0.0,0.0,0.0,0.0,0.0,0.0,,Unquantified,0.0,0,,,Review risk gates and missing evidence before using as decision support.
tokenRoi_b467f4f57c1129b4ce92,ArtifactEvidence,QuantLab,Experiment Research Report,ExperimentResearchReport_03062026.docx,/Users/linzezhang/Downloads/量化回测分析/2026-06-03/ExperimentResearchReport_03062026.docx,2026-06-03,Review reusable EVA_OS evidence artifact.,2026-06-03T14:14:53,80.7,Decision Support,FACT,Observe,Recorded,0,0.0,0.0,0.0,0.0,0.0,0.0,,Unquantified,0.0,0,,,Review risk gates and missing evidence before using as decision support.
tokenRoi_b7621419a83af07a72a8,ArtifactEvidence,QuantLab,Run Metadata,RunMetadata5_03062026.json,/Users/linzezhang/Downloads/量化回测分析/2026-06-03/RunMetadata5_03062026.json,2026-06-03,Review reusable EVA_OS evidence artifact.,2026-06-03T14:09:46,1.04,Traceability,FACT,Observe,Recorded,0,0.0,0.0,0.0,0.0,0.0,0.0,,Unquantified,0.0,0,,,Link this metadata to the related report and decision record.
tokenRoi_d703eddda8794d3a4c17,ArtifactEvidence,QuantLab,Backtest Word Report,BacktestReport5_03062026.docx,/Users/linzezhang/Downloads/量化回测分析/2026-06-03/BacktestReport5_03062026.docx,2026-06-03,Review reusable EVA_OS evidence artifact.,2026-06-03T14:09:46,222.37,Decision Support,FACT,Observe,Recorded,0,0.0,0.0,0.0,0.0,0.0,0.0,,Unquantified,0.0,0,,,Review risk gates and missing evidence before using as decision support.
tokenRoi_bd6bc30c959d475ccdc9,ArtifactEvidence,QuantLab,Walk Forward,walk_forward_validation.json,/Users/linzezhang/Downloads/量化回测分析/2026-06-03/Experiments/sample_ma_scan/walk_forward_validation.json,2026-06-03,Review reusable EVA_OS evidence artifact.,2026-06-03T14:00:43,10.38,Validation Efficiency,FACT,Observe,Recorded,0,0.0,0.0,0.0,0.0,0.0,0.0,,Unquantified,0.0,0,,,Compare against out-of-sample and walk-forward evidence before promotion.
tokenRoi_acf41cce8dd620602387,ArtifactEvidence,QuantLab,Experiment Validation,train_test_validation.json,/Users/linzezhang/Downloads/量化回测分析/2026-06-03/Experiments/sample_ma_scan/train_test_validation.json,2026-06-03,Review reusable EVA_OS evidence artifact.,2026-06-03T13:56:25,0.64,Validation Efficiency,FACT,Observe,Recorded,0,0.0,0.0,0.0,0.0,0.0,0.0,,Unquantified,0.0,0,,,Compare against out-of-sample and walk-forward evidence before promotion.
tokenRoi_83d61b486944e1fb7d77,ArtifactEvidence,QuantLab,Data Quality,DataQuality_sample_US_GLD_20260603_123702.json,/Users/linzezhang/Downloads/量化回测分析/2026-06-03/DataQuality/DataQuality_sample_US_GLD_20260603_123702.json,2026-06-03,Review reusable EVA_OS evidence artifact.,2026-06-03T12:37:02,0.41,Data Credibility,FACT,Observe,Recorded,0,0.0,0.0,0.0,0.0,0.0,0.0,,Unquantified,0.0,0,,,"Use as evidence only after checking freshness, source, and limitations."
tokenRoi_e607277d6b10c10af7d5,ArtifactEvidence,QuantLab,Data Quality,DataQuality_sample_US_TLT_20260603_123702.json,/Users/linzezhang/Downloads/量化回测分析/2026-06-03/DataQuality/DataQuality_sample_US_TLT_20260603_123702.json,2026-06-03,Review reusable EVA_OS evidence artifact.,2026-06-03T12:37:02,0.41,Data Credibility,FACT,Observe,Recorded,0,0.0,0.0,0.0,0.0,0.0,0.0,,Unquantified,0.0,0,,,"Use as evidence only after checking freshness, source, and limitations."
tokenRoi_af385349ac3b8e272d04,ArtifactEvidence,QuantLab,Data Quality,DataQuality_sample_US_QQQ_20260603_123702.json,/Users/linzezhang/Downloads/量化回测分析/2026-06-03/DataQuality/DataQuality_sample_US_QQQ_20260603_123702.json,2026-06-03,Review reusable EVA_OS evidence artifact.,2026-06-03T12:37:02,0.41,Data Credibility,FACT,Observe,Recorded,0,0.0,0.0,0.0,0.0,0.0,0.0,,Unquantified,0.0,0,,,"Use as evidence only after checking freshness, source, and limitations."
tokenRoi_7a7a5dfbd84217034c4d,ArtifactEvidence,QuantLab,Data Quality,DataQuality_sample_US_SPY_20260603_123702.json,/Users/linzezhang/Downloads/量化回测分析/2026-06-03/DataQuality/DataQuality_sample_US_SPY_20260603_123702.json,2026-06-03,Review reusable EVA_OS evidence artifact.,2026-06-03T12:37:02,0.41,Data Credibility,FACT,Observe,Recorded,0,0.0,0.0,0.0,0.0,0.0,0.0,,Unquantified,0.0,0,,,"Use as evidence only after checking freshness, source, and limitations."
tokenRoi_6b39914e09733d5f0b68,ArtifactEvidence,QuantLab,Backtest Word Report,BacktestReport4_03062026.docx,/Users/linzezhang/Downloads/量化回测分析/2026-06-03/BacktestReport4_03062026.docx,2026-06-03,Review reusable EVA_OS evidence artifact.,2026-06-03T12:36:09,218.28,Decision Support,FACT,Observe,Recorded,0,0.0,0.0,0.0,0.0,0.0,0.0,,Unquantified,0.0,0,,,Review risk gates and missing evidence before using as decision support.
tokenRoi_ba7085b77bbb80a7786f,ArtifactEvidence,QuantLab,Data Quality,DataQuality_sample_US_AAPL_20260603_123607.json,/Users/linzezhang/Downloads/量化回测分析/2026-06-03/DataQuality/DataQuality_sample_US_AAPL_20260603_123607.json,2026-06-03,Review reusable EVA_OS evidence artifact.,2026-06-03T12:36:07,0.41,Data Credibility,FACT,Observe,Recorded,0,0.0,0.0,0.0,0.0,0.0,0.0,,Unquantified,0.0,0,,,"Use as evidence only after checking freshness, source, and limitations."
tokenRoi_95f6d1e3496a05133a1b,ArtifactEvidence,QuantLab,Backtest Word Report,BacktestReport3_03062026.docx,/Users/linzezhang/Downloads/量化回测分析/2026-06-03/BacktestReport3_03062026.docx,2026-06-03,Review reusable EVA_OS evidence artifact.,2026-06-03T11:49:50,221.55,Decision Support,FACT,Observe,Recorded,0,0.0,0.0,0.0,0.0,0.0,0.0,,Unquantified,0.0,0,,,Review risk gates and missing evidence before using as decision support.
tokenRoi_f6e33c3e358fc3ad2d1c,ArtifactEvidence,QuantLab,Backtest Word Report,BacktestReport2_03062026.docx,/Users/linzezhang/Downloads/量化回测分析/2026-06-03/BacktestReport2_03062026.docx,2026-06-03,Review reusable EVA_OS evidence artifact.,2026-06-03T07:49:48,193.08,Decision Support,FACT,Observe,Recorded,0,0.0,0.0,0.0,0.0,0.0,0.0,,Unquantified,0.0,0,,,Review risk gates and missing evidence before using as decision support.
tokenRoi_fd7d7e0300ac6d34c231,ArtifactEvidence,QuantLab,Backtest Word Report,BacktestReport_03062026.docx,/Users/linzezhang/Downloads/量化回测分析/2026-06-03/BacktestReport_03062026.docx,2026-06-03,Review reusable EVA_OS evidence artifact.,2026-06-03T07:35:33,38.79,Decision Support,FACT,Observe,Recorded,0,0.0,0.0,0.0,0.0,0.0,0.0,,Unquantified,0.0,0,,,Review risk gates and missing evidence before using as decision support.
tokenRoi_cfd1dfa8cb587dd889af,ArtifactEvidence,QuantLab,Data Quality,DataQuality_yahoo_finance_US_AAPL_20260603_073040.json,/Users/linzezhang/Downloads/量化回测分析/2026-06-03/DataQuality/DataQuality_yahoo_finance_US_AAPL_20260603_073040.json,2026-06-03,Review reusable EVA_OS evidence artifact.,2026-06-03T07:30:40,0.41,Data Credibility,FACT,Observe,Recorded,0,0.0,0.0,0.0,0.0,0.0,0.0,,Unquantified,0.0,0,,,"Use as evidence only after checking freshness, source, and limitations."
tokenRoi_35f1a406d78bc9db9c53,ArtifactEvidence,QuantLab,Data Quality,DataQuality_akshare_CN_000001_20260603_072235.json,/Users/linzezhang/Downloads/量化回测分析/2026-06-03/DataQuality/DataQuality_akshare_CN_000001_20260603_072235.json,2026-06-03,Review reusable EVA_OS evidence artifact.,2026-06-03T07:22:35,0.41,Data Credibility,FACT,Observe,Recorded,0,0.0,0.0,0.0,0.0,0.0,0.0,,Unquantified,0.0,0,,,"Use as evidence only after checking freshness, source, and limitations."
tokenRoi_f4ae7fa802f4236d1686,ArtifactEvidence,QuantLab,Data Quality,DataQuality_yahoo_finance_US_AAPL_20260603_072235.json,/Users/linzezhang/Downloads/量化回测分析/2026-06-03/DataQuality/DataQuality_yahoo_finance_US_AAPL_20260603_072235.json,2026-06-03,Review reusable EVA_OS evidence artifact.,2026-06-03T07:22:35,0.41,Data Credibility,FACT,Observe,Recorded,0,0.0,0.0,0.0,0.0,0.0,0.0,,Unquantified,0.0,0,,,"Use as evidence only after checking freshness, source, and limitations."
tokenRoi_fda4c845dcde66c47fc0,ArtifactEvidence,QuantLab,Run Metadata,RunMetadata_20260603_072231.json,/Users/linzezhang/Downloads/量化回测分析/2026-06-03/RunMetadata_20260603_072231.json,2026-06-03,Review reusable EVA_OS evidence artifact.,2026-06-03T07:22:31,1.0,Traceability,FACT,Observe,Recorded,0,0.0,0.0,0.0,0.0,0.0,0.0,,Unquantified,0.0,0,,,Link this metadata to the related report and decision record.
tokenRoi_0c6fa79f5db980e63b61,ArtifactEvidence,QuantLab,Run Metadata,RunMetadata_20260603_072157.json,/Users/linzezhang/Downloads/量化回测分析/2026-06-03/RunMetadata_20260603_072157.json,2026-06-03,Review reusable EVA_OS evidence artifact.,2026-06-03T07:21:57,1.0,Traceability,FACT,Observe,Recorded,0,0.0,0.0,0.0,0.0,0.0,0.0,,Unquantified,0.0,0,,,Link this metadata to the related report and decision record.
tokenRoi_b21a69fe4fd38e52a726,ArtifactEvidence,QuantLab,Data Quality,DataQuality_sample_US_AAPL_20260603_072155.json,/Users/linzezhang/Downloads/量化回测分析/2026-06-03/DataQuality/DataQuality_sample_US_AAPL_20260603_072155.json,2026-06-03,Review reusable EVA_OS evidence artifact.,2026-06-03T07:21:55,0.41,Data Credibility,FACT,Observe,Recorded,0,0.0,0.0,0.0,0.0,0.0,0.0,,Unquantified,0.0,0,,,"Use as evidence only after checking freshness, source, and limitations."
tokenRoi_66635e297f8cec23b964,ArtifactEvidence,QuantLab,Run Metadata,RunMetadata_20260603_071220.json,/Users/linzezhang/Downloads/量化回测分析/2026-06-03/RunMetadata_20260603_071220.json,2026-06-03,Review reusable EVA_OS evidence artifact.,2026-06-03T07:12:20,1.0,Traceability,FACT,Observe,Recorded,0,0.0,0.0,0.0,0.0,0.0,0.0,,Unquantified,0.0,0,,,Link this metadata to the related report and decision record.
tokenRoi_ee312ca4f615ff1a24d2,ArtifactEvidence,QuantLab,Run Metadata,RunMetadata_20260603_071130.json,/Users/linzezhang/Downloads/量化回测分析/2026-06-03/RunMetadata_20260603_071130.json,2026-06-03,Review reusable EVA_OS evidence artifact.,2026-06-03T07:11:30,1.03,Traceability,FACT,Observe,Recorded,0,0.0,0.0,0.0,0.0,0.0,0.0,,Unquantified,0.0,0,,,Link this metadata to the related report and decision record.
tokenRoi_1c42ae6444e79e4314f9,ArtifactEvidence,QuantLab,Run Metadata,RunMetadata_20260603_071032.json,/Users/linzezhang/Downloads/量化回测分析/2026-06-03/RunMetadata_20260603_071032.json,2026-06-03,Review reusable EVA_OS evidence artifact.,2026-06-03T07:10:32,1.01,Traceability,FACT,Observe,Recorded,0,0.0,0.0,0.0,0.0,0.0,0.0,,Unquantified,0.0,0,,,Link this metadata to the related report and decision record.
tokenRoi_11ac573d21a21ac2570a,ArtifactEvidence,QuantLab,Run Metadata,RunMetadata_20260603_071015.json,/Users/linzezhang/Downloads/量化回测分析/2026-06-03/RunMetadata_20260603_071015.json,2026-06-03,Review reusable EVA_OS evidence artifact.,2026-06-03T07:10:15,1.0,Traceability,FACT,Observe,Recorded,0,0.0,0.0,0.0,0.0,0.0,0.0,,Unquantified,0.0,0,,,Link this metadata to the related report and decision record.
tokenRoi_fdbc5a9479d84a98dd68,ArtifactEvidence,QuantLab,Run Metadata,RunMetadata_20260603_070852.json,/Users/linzezhang/Downloads/量化回测分析/2026-06-03/RunMetadata_20260603_070852.json,2026-06-03,Review reusable EVA_OS evidence artifact.,2026-06-03T07:08:52,1.0,Traceability,FACT,Observe,Recorded,0,0.0,0.0,0.0,0.0,0.0,0.0,,Unquantified,0.0,0,,,Link this metadata to the related report and decision record.
tokenRoi_7f5a9fbe14435cdfa69e,ArtifactEvidence,QuantLab,Run Metadata,RunMetadata_20260603_070709.json,/Users/linzezhang/Downloads/量化回测分析/2026-06-03/RunMetadata_20260603_070709.json,2026-06-03,Review reusable EVA_OS evidence artifact.,2026-06-03T07:07:09,1.0,Traceability,FACT,Observe,Recorded,0,0.0,0.0,0.0,0.0,0.0,0.0,,Unquantified,0.0,0,,,Link this metadata to the related report and decision record.
tokenRoi_edd68dd758474cc27ca2,ArtifactEvidence,QuantLab,Run Metadata,RunMetadata_20260603_070708.json,/Users/linzezhang/Downloads/量化回测分析/2026-06-03/RunMetadata_20260603_070708.json,2026-06-03,Review reusable EVA_OS evidence artifact.,2026-06-03T07:07:08,1.01,Traceability,FACT,Observe,Recorded,0,0.0,0.0,0.0,0.0,0.0,0.0,,Unquantified,0.0,0,,,Link this metadata to the related report and decision record.
