parameter_id,model_id,formula_id,symbol,name,category,data_type,unit,default_value,initial_or_prior_value,active_value,weight,weight_group,weight_group_target,weight_group_tolerance,min_value,max_value,formula_or_transform,source_or_rationale,calibration_method,sensitivity,code_ref,config_ref,test_ref,status,fact_level,unknown_task_ids,parameter_version,last_updated,source_selector,extracted_value,last_verified_commit,verified_at,evidence_hash,semantic_status,semantic_review_task_ids
PARAM-001,MOD-001,FORM-001,TRIGGER_PATTERNS,candidate trigger regex set,rule_set,dict,string pattern map,answering_rule;preference;decision;project_context;workflow;security_boundary;deprecated_info;temporary_or_sensitive,NOT_APPLICABLE - code constants,answering_rule;preference;decision;project_context;workflow;security_boundary;deprecated_info;temporary_or_sensitive,NOT_APPLICABLE,,,,NOT_APPLICABLE,NOT_APPLICABLE,regex match by category,EXTRACTED from code trigger map,NOT_APPLICABLE - deterministic heuristics,High - changes candidate creation,OpenAIDatabase/skills/openai-memory-analysis/scripts/openai_memory_analysis.py:68,NOT_APPLICABLE,OpenAIDatabase/tests/test_openai_memory_analysis.py:17,active,EXTRACTED,,memory-candidate-v0,2026-06-20,python_ast_dict_keys:OpenAIDatabase/skills/openai-memory-analysis/scripts/openai_memory_analysis.py::TRIGGER_PATTERNS|join=;,answering_rule;preference;decision;project_context;workflow;security_boundary;deprecated_info;temporary_or_sensitive,074295212402b6dfd1f807a567c5a18fc6e1558d,2026-06-21T13:06:04Z,sha256:2d4f2116f7193790020e5a773da3ef4875bc06428ac5ff4c7c9657cc7b2cf31c,MACHINE_VERIFIED,
PARAM-002,MOD-001,FORM-001,category_priority,classification category priority,rule_order,string,ordered enum,temporary_or_sensitive;deprecated_info;security_boundary;decision;answering_rule;workflow;project_context;preference;fact,NOT_APPLICABLE - code branch order,temporary_or_sensitive;deprecated_info;security_boundary;decision;answering_rule;workflow;project_context;preference;fact,NOT_APPLICABLE,,,,NOT_APPLICABLE,NOT_APPLICABLE,first matched priority branch wins,EXTRACTED from classify_chunk if/elif order,NOT_APPLICABLE,High - changes category output,OpenAIDatabase/skills/openai-memory-analysis/scripts/openai_memory_analysis.py:512,NOT_APPLICABLE,OpenAIDatabase/tests/test_openai_memory_analysis.py:17,active,EXTRACTED,,memory-candidate-v0,2026-06-20,,HUMAN_REVIEW_REQUIRED,NOT_APPLICABLE - HUMAN_REVIEW_REQUIRED,NOT_APPLICABLE - HUMAN_REVIEW_REQUIRED,NOT_APPLICABLE - HUMAN_REVIEW_REQUIRED,HUMAN_REVIEW_REQUIRED,GOV-SEMANTIC-OAIDB-001
PARAM-003,MOD-001,FORM-001,importance_map,category to importance mapping,rule_map,dict,enum mapping,security_boundary;decision;answering_rule=高;workflow;project_context;preference;deprecated_info=中;else=低,NOT_APPLICABLE - code constants,security_boundary;decision;answering_rule=高;workflow;project_context;preference;deprecated_info=中;else=低,NOT_APPLICABLE,,,,NOT_APPLICABLE,NOT_APPLICABLE,category maps to importance enum,EXTRACTED from classify_chunk,NOT_APPLICABLE,High - affects candidate ranking and reports,OpenAIDatabase/skills/openai-memory-analysis/scripts/openai_memory_analysis.py:536,NOT_APPLICABLE,OpenAIDatabase/tests/test_openai_memory_analysis.py:17,active,EXTRACTED,,memory-candidate-v0,2026-06-20,,HUMAN_REVIEW_REQUIRED,NOT_APPLICABLE - HUMAN_REVIEW_REQUIRED,NOT_APPLICABLE - HUMAN_REVIEW_REQUIRED,NOT_APPLICABLE - HUMAN_REVIEW_REQUIRED,HUMAN_REVIEW_REQUIRED,GOV-SEMANTIC-OAIDB-001
PARAM-004,MOD-001,FORM-001,validity_map,category to validity mapping,rule_map,dict,enum mapping,temporary_or_sensitive=临时;project_context=项目结束前;workflow;preference=半年;else=长期,NOT_APPLICABLE - code constants,temporary_or_sensitive=临时;project_context=项目结束前;workflow;preference=半年;else=长期,NOT_APPLICABLE,,,,NOT_APPLICABLE,NOT_APPLICABLE,category maps to validity enum,EXTRACTED from classify_chunk,NOT_APPLICABLE,High - affects tier and stale logic,OpenAIDatabase/skills/openai-memory-analysis/scripts/openai_memory_analysis.py:543,NOT_APPLICABLE,OpenAIDatabase/tests/test_openai_memory_analysis.py:17,active,EXTRACTED,,memory-candidate-v0,2026-06-20,,HUMAN_REVIEW_REQUIRED,NOT_APPLICABLE - HUMAN_REVIEW_REQUIRED,NOT_APPLICABLE - HUMAN_REVIEW_REQUIRED,NOT_APPLICABLE - HUMAN_REVIEW_REQUIRED,HUMAN_REVIEW_REQUIRED,GOV-SEMANTIC-OAIDB-001
PARAM-005,MOD-001,FORM-001,confidence_high_trigger_count,high confidence trigger threshold,threshold,integer,matched category count,3,NOT_APPLICABLE - code constant,3,NOT_APPLICABLE,,,,3,3,confidence high if trigger_count >= 3 or high importance,EXTRACTED from classify_chunk,NOT_APPLICABLE,Medium - changes confidence labels,OpenAIDatabase/skills/openai-memory-analysis/scripts/openai_memory_analysis.py:552,NOT_APPLICABLE,OpenAIDatabase/tests/test_openai_memory_analysis.py:17,active,EXTRACTED,,memory-candidate-v0,2026-06-20,,HUMAN_REVIEW_REQUIRED,NOT_APPLICABLE - HUMAN_REVIEW_REQUIRED,NOT_APPLICABLE - HUMAN_REVIEW_REQUIRED,NOT_APPLICABLE - HUMAN_REVIEW_REQUIRED,HUMAN_REVIEW_REQUIRED,GOV-SEMANTIC-OAIDB-001
PARAM-006,MOD-001,FORM-001,min_candidate_statement_length,minimum normalized statement length,constraint,integer,characters,8,NOT_APPLICABLE - code branch,8,NOT_APPLICABLE,,,,8,8,drop candidate when normalized length < 8,EXTRACTED from make_candidate,NOT_APPLICABLE,Medium - filters low signal chunks,OpenAIDatabase/skills/openai-memory-analysis/scripts/openai_memory_analysis.py:651,NOT_APPLICABLE,OpenAIDatabase/tests/test_openai_memory_analysis.py:17,active,EXTRACTED,,memory-candidate-v0,2026-06-20,,HUMAN_REVIEW_REQUIRED,NOT_APPLICABLE - HUMAN_REVIEW_REQUIRED,NOT_APPLICABLE - HUMAN_REVIEW_REQUIRED,NOT_APPLICABLE - HUMAN_REVIEW_REQUIRED,HUMAN_REVIEW_REQUIRED,GOV-SEMANTIC-OAIDB-001
PARAM-007,MOD-001,FORM-001,statement_truncate_limit,candidate statement truncate limit,constraint,integer,characters,420,NOT_APPLICABLE - function call constant,420,NOT_APPLICABLE,,,,420,420,truncate redacted statement,EXTRACTED from make_candidate,NOT_APPLICABLE,Medium - affects stored text length,OpenAIDatabase/skills/openai-memory-analysis/scripts/openai_memory_analysis.py:650,NOT_APPLICABLE,OpenAIDatabase/tests/test_openai_memory_analysis.py:17,active,EXTRACTED,,memory-candidate-v0,2026-06-20,,HUMAN_REVIEW_REQUIRED,NOT_APPLICABLE - HUMAN_REVIEW_REQUIRED,NOT_APPLICABLE - HUMAN_REVIEW_REQUIRED,NOT_APPLICABLE - HUMAN_REVIEW_REQUIRED,HUMAN_REVIEW_REQUIRED,GOV-SEMANTIC-OAIDB-001
PARAM-008,MOD-001,FORM-001,merge_confidence_evidence_threshold,evidence count for confidence promotion,threshold,integer,evidence rows,3,NOT_APPLICABLE - code branch,3,NOT_APPLICABLE,,,,3,3,medium confidence promotes to high,EXTRACTED from merge_candidates,NOT_APPLICABLE,Medium - changes confidence after dedupe,OpenAIDatabase/skills/openai-memory-analysis/scripts/openai_memory_analysis.py:747,NOT_APPLICABLE,OpenAIDatabase/tests/test_openai_memory_analysis.py:46,active,EXTRACTED,,memory-candidate-v0,2026-06-20,,HUMAN_REVIEW_REQUIRED,NOT_APPLICABLE - HUMAN_REVIEW_REQUIRED,NOT_APPLICABLE - HUMAN_REVIEW_REQUIRED,NOT_APPLICABLE - HUMAN_REVIEW_REQUIRED,HUMAN_REVIEW_REQUIRED,GOV-SEMANTIC-OAIDB-001
PARAM-009,MOD-001,FORM-001,merge_evidence_cap,max evidence rows kept per candidate,constraint,integer,evidence rows,10,NOT_APPLICABLE - code slice,10,NOT_APPLICABLE,,,,10,10,evidence list sliced to first 10,EXTRACTED from merge_candidates,NOT_APPLICABLE,Low - controls evidence payload size,OpenAIDatabase/skills/openai-memory-analysis/scripts/openai_memory_analysis.py:745,NOT_APPLICABLE,OpenAIDatabase/tests/test_openai_memory_analysis.py:46,active,EXTRACTED,,memory-candidate-v0,2026-06-20,,HUMAN_REVIEW_REQUIRED,NOT_APPLICABLE - HUMAN_REVIEW_REQUIRED,NOT_APPLICABLE - HUMAN_REVIEW_REQUIRED,NOT_APPLICABLE - HUMAN_REVIEW_REQUIRED,HUMAN_REVIEW_REQUIRED,GOV-SEMANTIC-OAIDB-001
PARAM-010,MOD-001,FORM-001,review_status_default,generated candidate review status,state,string,enum,pending,NOT_APPLICABLE - code constant,pending,NOT_APPLICABLE,,,,NOT_APPLICABLE,NOT_APPLICABLE,set candidate review_status,EXTRACTED from make_candidate,NOT_APPLICABLE,High - controls human review gate,OpenAIDatabase/skills/openai-memory-analysis/scripts/openai_memory_analysis.py:701,OpenAIDatabase/config/memory_schema.json:1,OpenAIDatabase/tests/test_openai_memory_analysis.py:17,active,EXTRACTED,,memory-candidate-v0,2026-06-20,,HUMAN_REVIEW_REQUIRED,NOT_APPLICABLE - HUMAN_REVIEW_REQUIRED,NOT_APPLICABLE - HUMAN_REVIEW_REQUIRED,NOT_APPLICABLE - HUMAN_REVIEW_REQUIRED,HUMAN_REVIEW_REQUIRED,GOV-SEMANTIC-OAIDB-001
PARAM-011,MOD-002,FORM-002,SECRET_PATTERNS,secret detection regex set,rule_set,list[regex],patterns,openai_api_key;github_token;aws_access_key;private_key;bearer_token;credential_assignment,NOT_APPLICABLE - code constants,openai_api_key;github_token;aws_access_key;private_key;bearer_token;credential_assignment,NOT_APPLICABLE,,,,NOT_APPLICABLE,NOT_APPLICABLE,redact matching secret patterns,EXTRACTED from code,NOT_APPLICABLE,High - controls secret leakage prevention,OpenAIDatabase/skills/openai-memory-analysis/scripts/openai_memory_analysis.py:51,NOT_APPLICABLE,OpenAIDatabase/tests/test_openai_memory_analysis.py:17,active,EXTRACTED,,redaction-policy-v0,2026-06-20,python_ast_sequence_firsts:OpenAIDatabase/skills/openai-memory-analysis/scripts/openai_memory_analysis.py::SECRET_PATTERNS|join=;,openai_api_key;github_token;aws_access_key;private_key;bearer_token;credential_assignment,074295212402b6dfd1f807a567c5a18fc6e1558d,2026-06-21T13:06:04Z,sha256:00031952f40c3cea825c9efbe4dc000f0587fcb868411b8c808f5f6c1265bbce,MACHINE_VERIFIED,
PARAM-012,MOD-002,FORM-002,PII_PATTERNS,PII detection regex set,rule_set,list[regex],patterns,email;phone,NOT_APPLICABLE - code constants,email;phone,NOT_APPLICABLE,,,,NOT_APPLICABLE,NOT_APPLICABLE,redact matching PII patterns,EXTRACTED from code,NOT_APPLICABLE,High - controls PII exposure,OpenAIDatabase/skills/openai-memory-analysis/scripts/openai_memory_analysis.py:63,NOT_APPLICABLE,OpenAIDatabase/tests/test_openai_memory_analysis.py:17,active,EXTRACTED,,redaction-policy-v0,2026-06-20,python_ast_sequence_firsts:OpenAIDatabase/skills/openai-memory-analysis/scripts/openai_memory_analysis.py::PII_PATTERNS|join=;,email;phone,074295212402b6dfd1f807a567c5a18fc6e1558d,2026-06-21T13:06:04Z,sha256:efca43efec050b70d76c30ce72aa8f09aeff96eebf8fdd8aaa0032789ad27860,MACHINE_VERIFIED,
PARAM-013,MOD-002,FORM-002,SENSITIVITY_RANK,sensitivity rank map,rule_map,dict,rank,public=0;private=1;sensitive=2;secret=3,NOT_APPLICABLE - code constants,public=0;private=1;sensitive=2;secret=3,NOT_APPLICABLE,,,,0,3,sensitivity_max comparison,EXTRACTED from code,NOT_APPLICABLE,High - controls retrieval filtering,OpenAIDatabase/skills/openai-memory-analysis/scripts/openai_memory_analysis.py:49,NOT_APPLICABLE,OpenAIDatabase/tests/test_openai_memory_analysis.py:112,active,EXTRACTED,,redaction-policy-v0,2026-06-20,python_ast_dict:OpenAIDatabase/skills/openai-memory-analysis/scripts/openai_memory_analysis.py::SENSITIVITY_RANK|pair=equals|sep=;,public=0;private=1;sensitive=2;secret=3,074295212402b6dfd1f807a567c5a18fc6e1558d,2026-06-21T13:06:04Z,sha256:4da555777800e851449908501f425a3cee557c10c0af39d1893fe2efe3c4e8da,MACHINE_VERIFIED,
PARAM-014,MOD-002,FORM-002,redacted_source_hash_length,temporary sensitive hash prefix length,constraint,integer,hex chars,16,NOT_APPLICABLE - code slice,16,NOT_APPLICABLE,,,,16,16,sha256_text(redacted) first 16 chars,EXTRACTED from make_candidate,NOT_APPLICABLE,Medium - affects traceability without plaintext,OpenAIDatabase/skills/openai-memory-analysis/scripts/openai_memory_analysis.py:673,NOT_APPLICABLE,OpenAIDatabase/tests/test_memory_atlas_data.py:25,active,EXTRACTED,,redaction-policy-v0,2026-06-20,,HUMAN_REVIEW_REQUIRED,NOT_APPLICABLE - HUMAN_REVIEW_REQUIRED,NOT_APPLICABLE - HUMAN_REVIEW_REQUIRED,NOT_APPLICABLE - HUMAN_REVIEW_REQUIRED,HUMAN_REVIEW_REQUIRED,GOV-SEMANTIC-OAIDB-001
PARAM-015,MOD-002,FORM-002,security_boundary_sensitivity,security boundary sensitivity rule,rule,string,enum,sensitive unless secret,NOT_APPLICABLE - code branch,sensitive unless secret,NOT_APPLICABLE,,,,NOT_APPLICABLE,NOT_APPLICABLE,category security_boundary forces sensitive,EXTRACTED from make_candidate,NOT_APPLICABLE,High - protects security rules,OpenAIDatabase/skills/openai-memory-analysis/scripts/openai_memory_analysis.py:676,NOT_APPLICABLE,OpenAIDatabase/tests/test_openai_memory_analysis.py:17,active,EXTRACTED,,redaction-policy-v0,2026-06-20,,HUMAN_REVIEW_REQUIRED,NOT_APPLICABLE - HUMAN_REVIEW_REQUIRED,NOT_APPLICABLE - HUMAN_REVIEW_REQUIRED,NOT_APPLICABLE - HUMAN_REVIEW_REQUIRED,HUMAN_REVIEW_REQUIRED,GOV-SEMANTIC-OAIDB-001
PARAM-016,MOD-002,FORM-002,credential_policy_template,secret_ref credential policy,policy,object,booleans and strings,plaintext_in_git=false;agent_access=authorized_local_secret_resolver_only;requires_user_authorization=true;local_resolver_required=true;trading_boundary=fail_closed,NOT_APPLICABLE - code object,plaintext_in_git=false;agent_access=authorized_local_secret_resolver_only;requires_user_authorization=true;local_resolver_required=true;trading_boundary=fail_closed,NOT_APPLICABLE,,,,NOT_APPLICABLE,NOT_APPLICABLE,attach credential_policy when secret_ref exists,EXTRACTED from make_candidate,NOT_APPLICABLE,High - controls protected action safety,OpenAIDatabase/skills/openai-memory-analysis/scripts/openai_memory_analysis.py:714,NOT_APPLICABLE,OpenAIDatabase/tests/test_openai_memory_analysis.py:17,active,EXTRACTED,,redaction-policy-v0,2026-06-20,,HUMAN_REVIEW_REQUIRED,NOT_APPLICABLE - HUMAN_REVIEW_REQUIRED,NOT_APPLICABLE - HUMAN_REVIEW_REQUIRED,NOT_APPLICABLE - HUMAN_REVIEW_REQUIRED,HUMAN_REVIEW_REQUIRED,GOV-SEMANTIC-OAIDB-001
PARAM-017,MOD-002,FORM-002,secret_backup_status,secret backup status string,policy,string,status,backed_up_redacted_secret_ref_only_with_encrypted_raw_reference,NOT_APPLICABLE - code constant,backed_up_redacted_secret_ref_only_with_encrypted_raw_reference,NOT_APPLICABLE,,,,NOT_APPLICABLE,NOT_APPLICABLE,set backup_status for secret_ref,EXTRACTED from make_candidate,NOT_APPLICABLE,Medium - audit wording,OpenAIDatabase/skills/openai-memory-analysis/scripts/openai_memory_analysis.py:683,NOT_APPLICABLE,OpenAIDatabase/tests/test_openai_memory_analysis.py:17,active,EXTRACTED,,redaction-policy-v0,2026-06-20,,HUMAN_REVIEW_REQUIRED,NOT_APPLICABLE - HUMAN_REVIEW_REQUIRED,NOT_APPLICABLE - HUMAN_REVIEW_REQUIRED,NOT_APPLICABLE - HUMAN_REVIEW_REQUIRED,HUMAN_REVIEW_REQUIRED,GOV-SEMANTIC-OAIDB-001
PARAM-018,MOD-003,FORM-003,TIER_ALIASES,tier alias normalization map,rule_map,dict,enum alias,重要中长期=一般;一般短期=临时,NOT_APPLICABLE - code constant,重要中长期=一般;一般短期=临时,NOT_APPLICABLE,,,,NOT_APPLICABLE,NOT_APPLICABLE,normalize legacy tier labels,EXTRACTED from code,NOT_APPLICABLE,Medium - affects legacy data compatibility,OpenAIDatabase/skills/openai-memory-analysis/scripts/openai_memory_analysis.py:47,NOT_APPLICABLE,OpenAIDatabase/tests/test_openai_memory_analysis.py:68,active,EXTRACTED,,active-memory-v0,2026-06-20,,HUMAN_REVIEW_REQUIRED,NOT_APPLICABLE - HUMAN_REVIEW_REQUIRED,NOT_APPLICABLE - HUMAN_REVIEW_REQUIRED,NOT_APPLICABLE - HUMAN_REVIEW_REQUIRED,HUMAN_REVIEW_REQUIRED,GOV-SEMANTIC-OAIDB-001
PARAM-019,MOD-003,FORM-003,retrieval_weight_map,tier to retrieval weight map,rule_map,dict,enum mapping,核心画像=high;一般=medium;else=low,NOT_APPLICABLE - code branches,核心画像=high;一般=medium;else=low,NOT_APPLICABLE,,,,NOT_APPLICABLE,NOT_APPLICABLE,map tier to retrieval_weight,EXTRACTED from retrieval_weight,NOT_APPLICABLE,High - affects personalization strength,OpenAIDatabase/skills/openai-memory-analysis/scripts/openai_memory_analysis.py:1701,NOT_APPLICABLE,OpenAIDatabase/tests/test_openai_memory_analysis.py:46,active,EXTRACTED,,active-memory-v0,2026-06-20,,HUMAN_REVIEW_REQUIRED,NOT_APPLICABLE - HUMAN_REVIEW_REQUIRED,NOT_APPLICABLE - HUMAN_REVIEW_REQUIRED,NOT_APPLICABLE - HUMAN_REVIEW_REQUIRED,HUMAN_REVIEW_REQUIRED,GOV-SEMANTIC-OAIDB-001
PARAM-020,MOD-003,FORM-003,curation_override_fields,fields accepted from core profile review,policy,list[string],field names,statement;category;importance;validity;confidence;reason;memory_tier;sensitivity;backup_status,NOT_APPLICABLE - code list,statement;category;importance;validity;confidence;reason;memory_tier;sensitivity;backup_status,NOT_APPLICABLE,,,,NOT_APPLICABLE,NOT_APPLICABLE,override reviewed fields,EXTRACTED from apply_curation_override,NOT_APPLICABLE,High - allows human review correction,OpenAIDatabase/skills/openai-memory-analysis/scripts/openai_memory_analysis.py:1691,NOT_APPLICABLE,OpenAIDatabase/tests/test_openai_memory_analysis.py:87,active,EXTRACTED,,active-memory-v0,2026-06-20,,HUMAN_REVIEW_REQUIRED,NOT_APPLICABLE - HUMAN_REVIEW_REQUIRED,NOT_APPLICABLE - HUMAN_REVIEW_REQUIRED,NOT_APPLICABLE - HUMAN_REVIEW_REQUIRED,HUMAN_REVIEW_REQUIRED,GOV-SEMANTIC-OAIDB-001
PARAM-021,MOD-003,FORM-003,active_review_status,active row review status,state,string,enum,active_auto_promoted_from_full_flow,NOT_APPLICABLE - code constant,active_auto_promoted_from_full_flow,NOT_APPLICABLE,,,,NOT_APPLICABLE,NOT_APPLICABLE,set active review status,EXTRACTED from build_active_memory_rows,NOT_APPLICABLE,Medium - audit status,OpenAIDatabase/skills/openai-memory-analysis/scripts/openai_memory_analysis.py:1756,NOT_APPLICABLE,OpenAIDatabase/tests/test_openai_memory_analysis.py:46,active,EXTRACTED,,active-memory-v0,2026-06-20,,HUMAN_REVIEW_REQUIRED,NOT_APPLICABLE - HUMAN_REVIEW_REQUIRED,NOT_APPLICABLE - HUMAN_REVIEW_REQUIRED,NOT_APPLICABLE - HUMAN_REVIEW_REQUIRED,HUMAN_REVIEW_REQUIRED,GOV-SEMANTIC-OAIDB-001
PARAM-022,MOD-003,FORM-003,activation_mode,active row activation mode,state,string,enum,user_authorized_full_flow,NOT_APPLICABLE - code constant,user_authorized_full_flow,NOT_APPLICABLE,,,,NOT_APPLICABLE,NOT_APPLICABLE,set activation mode,EXTRACTED from build_active_memory_rows,NOT_APPLICABLE,Medium - audit status,OpenAIDatabase/skills/openai-memory-analysis/scripts/openai_memory_analysis.py:1757,NOT_APPLICABLE,OpenAIDatabase/tests/test_openai_memory_analysis.py:46,active,EXTRACTED,,active-memory-v0,2026-06-20,,HUMAN_REVIEW_REQUIRED,NOT_APPLICABLE - HUMAN_REVIEW_REQUIRED,NOT_APPLICABLE - HUMAN_REVIEW_REQUIRED,NOT_APPLICABLE - HUMAN_REVIEW_REQUIRED,HUMAN_REVIEW_REQUIRED,GOV-SEMANTIC-OAIDB-001
PARAM-023,MOD-003,FORM-003,code_noise_demote_rule,code or config noise demotion rule,rule,string,boolean branch,true when looks_like_code_or_config_noise,NOT_APPLICABLE - code function,true when looks_like_code_or_config_noise,NOT_APPLICABLE,,,,NOT_APPLICABLE,NOT_APPLICABLE,force tier 临时 and low importance,EXTRACTED from normalized_memory_tier and build_active_memory_rows,NOT_APPLICABLE,High - prevents code snippets as core profile,OpenAIDatabase/skills/openai-memory-analysis/scripts/openai_memory_analysis.py:622,NOT_APPLICABLE,OpenAIDatabase/tests/test_openai_memory_analysis.py:68,active,EXTRACTED,,active-memory-v0,2026-06-20,,HUMAN_REVIEW_REQUIRED,NOT_APPLICABLE - HUMAN_REVIEW_REQUIRED,NOT_APPLICABLE - HUMAN_REVIEW_REQUIRED,NOT_APPLICABLE - HUMAN_REVIEW_REQUIRED,HUMAN_REVIEW_REQUIRED,GOV-SEMANTIC-OAIDB-001
PARAM-024,MOD-004,FORM-004,sqlite_index_path,SQLite memory index path,config,string,path,data/processed/indexes/memory_index.sqlite,NOT_APPLICABLE - code constant path,data/processed/indexes/memory_index.sqlite,NOT_APPLICABLE,,,,NOT_APPLICABLE,NOT_APPLICABLE,build or open index,EXTRACTED from build_sqlite_index,NOT_APPLICABLE,Medium - changes search storage,OpenAIDatabase/skills/openai-memory-analysis/scripts/openai_memory_analysis.py:1994,NOT_APPLICABLE,OpenAIDatabase/tests/test_openai_memory_analysis.py:112,active,EXTRACTED,,read-only-retrieval-v0,2026-06-20,,HUMAN_REVIEW_REQUIRED,NOT_APPLICABLE - HUMAN_REVIEW_REQUIRED,NOT_APPLICABLE - HUMAN_REVIEW_REQUIRED,NOT_APPLICABLE - HUMAN_REVIEW_REQUIRED,HUMAN_REVIEW_REQUIRED,GOV-SEMANTIC-OAIDB-001
PARAM-025,MOD-004,FORM-004,search_limit_default,CLI search result limit default,default,integer,rows,10,NOT_APPLICABLE - argparse default,10,NOT_APPLICABLE,,,,0,NOT_APPLICABLE,default limit for search command,EXTRACTED from parser,NOT_APPLICABLE,Low - affects CLI result count,OpenAIDatabase/skills/openai-memory-analysis/scripts/openai_memory_analysis.py:2532,NOT_APPLICABLE,OpenAIDatabase/tests/test_openai_memory_analysis.py:112,active,EXTRACTED,,read-only-retrieval-v0,2026-06-20,python_ast_default:OpenAIDatabase/skills/openai-memory-analysis/scripts/openai_memory_analysis.py::query_index.limit,10,074295212402b6dfd1f807a567c5a18fc6e1558d,2026-06-21T13:06:04Z,sha256:291a15e9f28f47a6bbd93b55fe9da29b8fc4bda2aceec3e0a81e5a896a59b2dc,MACHINE_VERIFIED,
PARAM-026,MOD-004,FORM-004,search_overfetch_multiplier,SQL overfetch multiplier,model_constant,integer,multiplier,5,NOT_APPLICABLE - code constant,5,NOT_APPLICABLE,,,,5,5,SQL LIMIT = limit * 5,EXTRACTED from query_index,NOT_APPLICABLE,Low - affects post-filter capacity,OpenAIDatabase/skills/openai-memory-analysis/scripts/openai_memory_analysis.py:2071,NOT_APPLICABLE,OpenAIDatabase/tests/test_openai_memory_analysis.py:112,active,EXTRACTED,,read-only-retrieval-v0,2026-06-20,,HUMAN_REVIEW_REQUIRED,NOT_APPLICABLE - HUMAN_REVIEW_REQUIRED,NOT_APPLICABLE - HUMAN_REVIEW_REQUIRED,NOT_APPLICABLE - HUMAN_REVIEW_REQUIRED,HUMAN_REVIEW_REQUIRED,GOV-SEMANTIC-OAIDB-001
PARAM-027,MOD-004,FORM-004,search_sensitivity_max_default,search sensitivity max default,default,string,enum,sensitive,NOT_APPLICABLE - function and argparse default,sensitive,NOT_APPLICABLE,,,,NOT_APPLICABLE,NOT_APPLICABLE,rank cutoff default,EXTRACTED from query_index signature and parser,NOT_APPLICABLE,High - controls sensitive search exposure,OpenAIDatabase/skills/openai-memory-analysis/scripts/openai_memory_analysis.py:2055,NOT_APPLICABLE,OpenAIDatabase/tests/test_openai_memory_analysis.py:112,active,EXTRACTED,,read-only-retrieval-v0,2026-06-20,python_ast_default:OpenAIDatabase/skills/openai-memory-analysis/scripts/openai_memory_analysis.py::query_index.sensitivity_max,sensitive,074295212402b6dfd1f807a567c5a18fc6e1558d,2026-06-21T13:06:04Z,sha256:f9f8ff6a1ba9325b42ad5efb07299f80b65e0a3accef4b82614d9f5c1019dbc2,MACHINE_VERIFIED,
PARAM-028,MOD-004,FORM-004,search_term_fields,LIKE term search fields,rule_set,list[string],fields,statement;category;source,NOT_APPLICABLE - SQL clause fields,statement;category;source,NOT_APPLICABLE,,,,NOT_APPLICABLE,NOT_APPLICABLE,AND over terms; OR over fields,EXTRACTED from query_index,NOT_APPLICABLE,Medium - changes retrieval surface,OpenAIDatabase/skills/openai-memory-analysis/scripts/openai_memory_analysis.py:2066,NOT_APPLICABLE,OpenAIDatabase/tests/test_openai_memory_analysis.py:112,active,EXTRACTED,,read-only-retrieval-v0,2026-06-20,,HUMAN_REVIEW_REQUIRED,NOT_APPLICABLE - HUMAN_REVIEW_REQUIRED,NOT_APPLICABLE - HUMAN_REVIEW_REQUIRED,NOT_APPLICABLE - HUMAN_REVIEW_REQUIRED,HUMAN_REVIEW_REQUIRED,GOV-SEMANTIC-OAIDB-001
PARAM-029,MOD-004,FORM-004,search_sort_order,SQL result ordering,rule,string,SQL order,date DESC;importance ASC,NOT_APPLICABLE - SQL literal,date DESC;importance ASC,NOT_APPLICABLE,,,,NOT_APPLICABLE,NOT_APPLICABLE,ORDER BY date DESC importance ASC,EXTRACTED from query_index,NOT_APPLICABLE,Medium - changes ranking of search results,OpenAIDatabase/skills/openai-memory-analysis/scripts/openai_memory_analysis.py:2070,NOT_APPLICABLE,OpenAIDatabase/tests/test_openai_memory_analysis.py:112,active,EXTRACTED,,read-only-retrieval-v0,2026-06-20,,HUMAN_REVIEW_REQUIRED,NOT_APPLICABLE - HUMAN_REVIEW_REQUIRED,NOT_APPLICABLE - HUMAN_REVIEW_REQUIRED,NOT_APPLICABLE - HUMAN_REVIEW_REQUIRED,HUMAN_REVIEW_REQUIRED,GOV-SEMANTIC-OAIDB-001
PARAM-030,MOD-004,FORM-004,fetch_secret_response,fetch response for secret record,policy,string,error code,redacted_secret,NOT_APPLICABLE - code constant,redacted_secret,NOT_APPLICABLE,,,,NOT_APPLICABLE,NOT_APPLICABLE,return error instead of secret record,EXTRACTED from fetch_index,NOT_APPLICABLE,High - prevents secret disclosure,OpenAIDatabase/skills/openai-memory-analysis/scripts/openai_memory_analysis.py:2092,NOT_APPLICABLE,OpenAIDatabase/tests/test_openai_memory_analysis.py:112,active,EXTRACTED,,read-only-retrieval-v0,2026-06-20,,HUMAN_REVIEW_REQUIRED,NOT_APPLICABLE - HUMAN_REVIEW_REQUIRED,NOT_APPLICABLE - HUMAN_REVIEW_REQUIRED,NOT_APPLICABLE - HUMAN_REVIEW_REQUIRED,HUMAN_REVIEW_REQUIRED,GOV-SEMANTIC-OAIDB-001
PARAM-031,MOD-005,FORM-005,TIER_WEIGHT,tier score map,scoring_map,dict,dimensionless,核心画像=1.0;一般=0.66;临时=0.28,NOT_APPLICABLE - code constant,核心画像=1.0;一般=0.66;临时=0.28,NOT_APPLICABLE,,,,0,1,map tier to numeric score,EXTRACTED from code,UNKNOWN - no calibration evidence; see TASK-OAI-B-001,High - controls memory weight,OpenAIDatabase/scripts/build_memory_atlas_data.py:47,NOT_APPLICABLE,OpenAIDatabase/tests/test_memory_atlas_data.py:25,active,EXTRACTED,TASK-OAI-B-001,atlas-weight-v0,2026-06-20,python_ast_dict:OpenAIDatabase/scripts/build_memory_atlas_data.py::TIER_WEIGHT|pair=equals|sep=;,核心画像=1.0;一般=0.66;临时=0.28,074295212402b6dfd1f807a567c5a18fc6e1558d,2026-06-21T13:06:04Z,sha256:2d52b4d85beb036694ee4772bf4280a34b7dbf7806bb4bb76e1d767876e09c13,MACHINE_VERIFIED,
PARAM-032,MOD-005,FORM-005,IMPORTANCE_WEIGHT,importance score map,scoring_map,dict,dimensionless,高=1.0;中=0.62;低=0.32,NOT_APPLICABLE - code constant,高=1.0;中=0.62;低=0.32,NOT_APPLICABLE,,,,0,1,map importance to numeric score,EXTRACTED from code,UNKNOWN - no calibration evidence; see TASK-OAI-B-001,High - controls memory weight,OpenAIDatabase/scripts/build_memory_atlas_data.py:49,NOT_APPLICABLE,OpenAIDatabase/tests/test_memory_atlas_data.py:25,active,EXTRACTED,TASK-OAI-B-001,atlas-weight-v0,2026-06-20,python_ast_dict:OpenAIDatabase/scripts/build_memory_atlas_data.py::IMPORTANCE_WEIGHT|pair=equals|sep=;,高=1.0;中=0.62;低=0.32,074295212402b6dfd1f807a567c5a18fc6e1558d,2026-06-21T13:06:04Z,sha256:8c779734ef04f48347bf829ad248774d95abb2fc5488cb993dfb6fd6c4c32924,MACHINE_VERIFIED,
PARAM-033,MOD-005,FORM-005,CONFIDENCE_WEIGHT,confidence score map,scoring_map,dict,dimensionless,high=1.0;medium=0.72;low=0.45,NOT_APPLICABLE - code constant,high=1.0;medium=0.72;low=0.45,NOT_APPLICABLE,,,,0,1,map confidence to numeric score,EXTRACTED from code,UNKNOWN - no calibration evidence; see TASK-OAI-B-001,High - controls memory weight and brightness,OpenAIDatabase/scripts/build_memory_atlas_data.py:50,NOT_APPLICABLE,OpenAIDatabase/tests/test_memory_atlas_data.py:25,active,EXTRACTED,TASK-OAI-B-001,atlas-weight-v0,2026-06-20,python_ast_dict:OpenAIDatabase/scripts/build_memory_atlas_data.py::CONFIDENCE_WEIGHT|pair=equals|sep=;,high=1.0;medium=0.72;low=0.45,074295212402b6dfd1f807a567c5a18fc6e1558d,2026-06-21T13:06:04Z,sha256:e3b9d214716f9356150f1d8cbd3189574da4ef715211f0e19e5503e8bce3d3a1,MACHINE_VERIFIED,
PARAM-034,MOD-005,FORM-005,w_tier,tier score coefficient,scoring_weight,float,dimensionless,0.5,NOT_APPLICABLE - code constant,0.5,0.5,memory_weight_coefficients,1.0,0.0001,0,1,tier_score * 0.5,EXTRACTED from memory_weight,UNKNOWN - no calibration evidence; see TASK-OAI-B-001,High - controls weighted score,OpenAIDatabase/scripts/build_memory_atlas_data.py:384,NOT_APPLICABLE,OpenAIDatabase/tests/test_memory_atlas_data.py:25,active,EXTRACTED,TASK-OAI-B-001,atlas-weight-v0,2026-06-20,,HUMAN_REVIEW_REQUIRED,NOT_APPLICABLE - HUMAN_REVIEW_REQUIRED,NOT_APPLICABLE - HUMAN_REVIEW_REQUIRED,NOT_APPLICABLE - HUMAN_REVIEW_REQUIRED,HUMAN_REVIEW_REQUIRED,GOV-SEMANTIC-OAIDB-001
PARAM-035,MOD-005,FORM-005,w_importance,importance score coefficient,scoring_weight,float,dimensionless,0.3,NOT_APPLICABLE - code constant,0.3,0.3,memory_weight_coefficients,1.0,0.0001,0,1,importance_score * 0.3,EXTRACTED from memory_weight,UNKNOWN - no calibration evidence; see TASK-OAI-B-001,High - controls weighted score,OpenAIDatabase/scripts/build_memory_atlas_data.py:384,NOT_APPLICABLE,OpenAIDatabase/tests/test_memory_atlas_data.py:25,active,EXTRACTED,TASK-OAI-B-001,atlas-weight-v0,2026-06-20,,HUMAN_REVIEW_REQUIRED,NOT_APPLICABLE - HUMAN_REVIEW_REQUIRED,NOT_APPLICABLE - HUMAN_REVIEW_REQUIRED,NOT_APPLICABLE - HUMAN_REVIEW_REQUIRED,HUMAN_REVIEW_REQUIRED,GOV-SEMANTIC-OAIDB-001
PARAM-036,MOD-005,FORM-005,w_confidence,confidence score coefficient,scoring_weight,float,dimensionless,0.2,NOT_APPLICABLE - code constant,0.2,0.2,memory_weight_coefficients,1.0,0.0001,0,1,confidence_score * 0.2,EXTRACTED from memory_weight,UNKNOWN - no calibration evidence; see TASK-OAI-B-001,High - controls weighted score,OpenAIDatabase/scripts/build_memory_atlas_data.py:384,NOT_APPLICABLE,OpenAIDatabase/tests/test_memory_atlas_data.py:25,active,EXTRACTED,TASK-OAI-B-001,atlas-weight-v0,2026-06-20,,HUMAN_REVIEW_REQUIRED,NOT_APPLICABLE - HUMAN_REVIEW_REQUIRED,NOT_APPLICABLE - HUMAN_REVIEW_REQUIRED,NOT_APPLICABLE - HUMAN_REVIEW_REQUIRED,HUMAN_REVIEW_REQUIRED,GOV-SEMANTIC-OAIDB-001
PARAM-037,MOD-005,FORM-005,fallback_tier_score,unrecognized tier fallback score,fallback,float,dimensionless,0.25,NOT_APPLICABLE - code fallback,0.25,NOT_APPLICABLE,,,,0,1,TIER_WEIGHT.get default,EXTRACTED from memory_weight,NOT_APPLICABLE,Medium - controls malformed data behavior,OpenAIDatabase/scripts/build_memory_atlas_data.py:381,NOT_APPLICABLE,OpenAIDatabase/tests/test_memory_atlas_data.py:25,active,EXTRACTED,,atlas-weight-v0,2026-06-20,,HUMAN_REVIEW_REQUIRED,NOT_APPLICABLE - HUMAN_REVIEW_REQUIRED,NOT_APPLICABLE - HUMAN_REVIEW_REQUIRED,NOT_APPLICABLE - HUMAN_REVIEW_REQUIRED,HUMAN_REVIEW_REQUIRED,GOV-SEMANTIC-OAIDB-001
PARAM-038,MOD-005,FORM-005,fallback_importance_score,unrecognized importance fallback score,fallback,float,dimensionless,0.35,NOT_APPLICABLE - code fallback,0.35,NOT_APPLICABLE,,,,0,1,IMPORTANCE_WEIGHT.get default,EXTRACTED from memory_weight,NOT_APPLICABLE,Medium - controls malformed data behavior,OpenAIDatabase/scripts/build_memory_atlas_data.py:382,NOT_APPLICABLE,OpenAIDatabase/tests/test_memory_atlas_data.py:25,active,EXTRACTED,,atlas-weight-v0,2026-06-20,,HUMAN_REVIEW_REQUIRED,NOT_APPLICABLE - HUMAN_REVIEW_REQUIRED,NOT_APPLICABLE - HUMAN_REVIEW_REQUIRED,NOT_APPLICABLE - HUMAN_REVIEW_REQUIRED,HUMAN_REVIEW_REQUIRED,GOV-SEMANTIC-OAIDB-001
PARAM-039,MOD-005,FORM-005,fallback_confidence_score,unrecognized confidence fallback score,fallback,float,dimensionless,0.6,NOT_APPLICABLE - code fallback,0.6,NOT_APPLICABLE,,,,0,1,CONFIDENCE_WEIGHT.get default,EXTRACTED from memory_weight,NOT_APPLICABLE,Medium - controls malformed data behavior,OpenAIDatabase/scripts/build_memory_atlas_data.py:383,NOT_APPLICABLE,OpenAIDatabase/tests/test_memory_atlas_data.py:25,active,EXTRACTED,,atlas-weight-v0,2026-06-20,,HUMAN_REVIEW_REQUIRED,NOT_APPLICABLE - HUMAN_REVIEW_REQUIRED,NOT_APPLICABLE - HUMAN_REVIEW_REQUIRED,NOT_APPLICABLE - HUMAN_REVIEW_REQUIRED,HUMAN_REVIEW_REQUIRED,GOV-SEMANTIC-OAIDB-001
PARAM-040,MOD-005,FORM-005,weight_rounding_decimals,weight score rounding,constraint,integer,decimal places,4,NOT_APPLICABLE - code round,4,NOT_APPLICABLE,,,,4,4,round score to 4 decimals,EXTRACTED from memory_weight,NOT_APPLICABLE,Low - display precision,OpenAIDatabase/scripts/build_memory_atlas_data.py:384,NOT_APPLICABLE,OpenAIDatabase/tests/test_memory_atlas_data.py:25,active,EXTRACTED,,atlas-weight-v0,2026-06-20,,HUMAN_REVIEW_REQUIRED,NOT_APPLICABLE - HUMAN_REVIEW_REQUIRED,NOT_APPLICABLE - HUMAN_REVIEW_REQUIRED,NOT_APPLICABLE - HUMAN_REVIEW_REQUIRED,HUMAN_REVIEW_REQUIRED,GOV-SEMANTIC-OAIDB-001
PARAM-041,MOD-005,FORM-005,node_size_base,visual node size base,visual_parameter,float,visual units,4,NOT_APPLICABLE - code constant,4,NOT_APPLICABLE,,,,0,NOT_APPLICABLE,visual.size = 4 + weight*8,EXTRACTED from node construction,NOT_APPLICABLE,Medium - affects visualization,OpenAIDatabase/scripts/build_memory_atlas_data.py:673,NOT_APPLICABLE,OpenAIDatabase/tests/test_memory_atlas_data.py:25,active,EXTRACTED,,atlas-weight-v0,2026-06-20,,HUMAN_REVIEW_REQUIRED,NOT_APPLICABLE - HUMAN_REVIEW_REQUIRED,NOT_APPLICABLE - HUMAN_REVIEW_REQUIRED,NOT_APPLICABLE - HUMAN_REVIEW_REQUIRED,HUMAN_REVIEW_REQUIRED,GOV-SEMANTIC-OAIDB-001
PARAM-042,MOD-005,FORM-005,node_size_multiplier,visual node size multiplier,visual_parameter,float,visual units,8,NOT_APPLICABLE - code constant,8,NOT_APPLICABLE,,,,0,NOT_APPLICABLE,visual.size = 4 + weight*8,EXTRACTED from node construction,NOT_APPLICABLE,Medium - affects visualization,OpenAIDatabase/scripts/build_memory_atlas_data.py:673,NOT_APPLICABLE,OpenAIDatabase/tests/test_memory_atlas_data.py:25,active,EXTRACTED,,atlas-weight-v0,2026-06-20,,HUMAN_REVIEW_REQUIRED,NOT_APPLICABLE - HUMAN_REVIEW_REQUIRED,NOT_APPLICABLE - HUMAN_REVIEW_REQUIRED,NOT_APPLICABLE - HUMAN_REVIEW_REQUIRED,HUMAN_REVIEW_REQUIRED,GOV-SEMANTIC-OAIDB-001
PARAM-043,MOD-005,FORM-005,orbit_radius_base,visual orbit radius base,visual_parameter,float,visual units,30,NOT_APPLICABLE - code constant,30,NOT_APPLICABLE,,,,0,NOT_APPLICABLE,orbit_radius = 30 + (1-weight)*76,EXTRACTED from node construction,NOT_APPLICABLE,Low - affects visualization,OpenAIDatabase/scripts/build_memory_atlas_data.py:675,NOT_APPLICABLE,OpenAIDatabase/tests/test_memory_atlas_data.py:25,active,EXTRACTED,,atlas-weight-v0,2026-06-20,,HUMAN_REVIEW_REQUIRED,NOT_APPLICABLE - HUMAN_REVIEW_REQUIRED,NOT_APPLICABLE - HUMAN_REVIEW_REQUIRED,NOT_APPLICABLE - HUMAN_REVIEW_REQUIRED,HUMAN_REVIEW_REQUIRED,GOV-SEMANTIC-OAIDB-001
PARAM-044,MOD-005,FORM-005,orbit_radius_multiplier,visual orbit radius multiplier,visual_parameter,float,visual units,76,NOT_APPLICABLE - code constant,76,NOT_APPLICABLE,,,,0,NOT_APPLICABLE,orbit_radius = 30 + (1-weight)*76,EXTRACTED from node construction,NOT_APPLICABLE,Low - affects visualization,OpenAIDatabase/scripts/build_memory_atlas_data.py:675,NOT_APPLICABLE,OpenAIDatabase/tests/test_memory_atlas_data.py:25,active,EXTRACTED,,atlas-weight-v0,2026-06-20,,HUMAN_REVIEW_REQUIRED,NOT_APPLICABLE - HUMAN_REVIEW_REQUIRED,NOT_APPLICABLE - HUMAN_REVIEW_REQUIRED,NOT_APPLICABLE - HUMAN_REVIEW_REQUIRED,HUMAN_REVIEW_REQUIRED,GOV-SEMANTIC-OAIDB-001
PARAM-045,MOD-006,FORM-006,sensitivity_penalty_sensitive,sensitive or secret ROI penalty,scoring_penalty,float,dimensionless,0.35,NOT_APPLICABLE - code constant,0.35,NOT_APPLICABLE,,,,0,1,subtract from leverage score,EXTRACTED from roi_metrics,UNKNOWN - no calibration evidence; see TASK-OAI-B-001,High - affects ROI ranking,OpenAIDatabase/scripts/build_memory_atlas_data.py:390,NOT_APPLICABLE,OpenAIDatabase/tests/test_memory_atlas_data.py:25,active,EXTRACTED,TASK-OAI-B-001,roi-leverage-v0,2026-06-20,,HUMAN_REVIEW_REQUIRED,NOT_APPLICABLE - HUMAN_REVIEW_REQUIRED,NOT_APPLICABLE - HUMAN_REVIEW_REQUIRED,NOT_APPLICABLE - HUMAN_REVIEW_REQUIRED,HUMAN_REVIEW_REQUIRED,GOV-SEMANTIC-OAIDB-001
PARAM-046,MOD-006,FORM-006,sensitivity_penalty_other,non-sensitive ROI penalty,scoring_penalty,float,dimensionless,0.1,NOT_APPLICABLE - code constant,0.1,NOT_APPLICABLE,,,,0,1,subtract from leverage score,EXTRACTED from roi_metrics,UNKNOWN - no calibration evidence; see TASK-OAI-B-001,High - affects ROI ranking,OpenAIDatabase/scripts/build_memory_atlas_data.py:390,NOT_APPLICABLE,OpenAIDatabase/tests/test_memory_atlas_data.py:25,active,EXTRACTED,TASK-OAI-B-001,roi-leverage-v0,2026-06-20,,HUMAN_REVIEW_REQUIRED,NOT_APPLICABLE - HUMAN_REVIEW_REQUIRED,NOT_APPLICABLE - HUMAN_REVIEW_REQUIRED,NOT_APPLICABLE - HUMAN_REVIEW_REQUIRED,HUMAN_REVIEW_REQUIRED,GOV-SEMANTIC-OAIDB-001
PARAM-047,MOD-006,FORM-006,decision_impact_multiplier,decision category leverage uplift,scoring_weight,float,dimensionless,0.15,NOT_APPLICABLE - code constant,0.15,NOT_APPLICABLE,,,,0,1,decision_impact * 0.15,EXTRACTED from roi_metrics,UNKNOWN - no calibration evidence; see TASK-OAI-B-001,Medium - boosts decisions,OpenAIDatabase/scripts/build_memory_atlas_data.py:400,NOT_APPLICABLE,OpenAIDatabase/tests/test_memory_atlas_data.py:25,active,EXTRACTED,TASK-OAI-B-001,roi-leverage-v0,2026-06-20,,HUMAN_REVIEW_REQUIRED,NOT_APPLICABLE - HUMAN_REVIEW_REQUIRED,NOT_APPLICABLE - HUMAN_REVIEW_REQUIRED,NOT_APPLICABLE - HUMAN_REVIEW_REQUIRED,HUMAN_REVIEW_REQUIRED,GOV-SEMANTIC-OAIDB-001
PARAM-048,MOD-006,FORM-006,leverage_floor,minimum leverage score,constraint,float,dimensionless,0.0,NOT_APPLICABLE - max floor,0.0,NOT_APPLICABLE,,,,0,0,max(0.0; raw score),EXTRACTED from roi_metrics,NOT_APPLICABLE,Low - prevents negative score,OpenAIDatabase/scripts/build_memory_atlas_data.py:400,NOT_APPLICABLE,OpenAIDatabase/tests/test_memory_atlas_data.py:25,active,EXTRACTED,,roi-leverage-v0,2026-06-20,,HUMAN_REVIEW_REQUIRED,NOT_APPLICABLE - HUMAN_REVIEW_REQUIRED,NOT_APPLICABLE - HUMAN_REVIEW_REQUIRED,NOT_APPLICABLE - HUMAN_REVIEW_REQUIRED,HUMAN_REVIEW_REQUIRED,GOV-SEMANTIC-OAIDB-001
PARAM-049,MOD-006,FORM-006,stale_short_term_days,temporary stale threshold,threshold,integer,days,30,NOT_APPLICABLE - code constant,30,NOT_APPLICABLE,,,,30,30,validity 临时 and recency > 30,EXTRACTED from roi_metrics,UNKNOWN - no calibration evidence; see TASK-OAI-B-001,Medium - controls stale labels,OpenAIDatabase/scripts/build_memory_atlas_data.py:393,NOT_APPLICABLE,OpenAIDatabase/tests/test_memory_atlas_data.py:25,active,EXTRACTED,TASK-OAI-B-001,roi-leverage-v0,2026-06-20,,HUMAN_REVIEW_REQUIRED,NOT_APPLICABLE - HUMAN_REVIEW_REQUIRED,NOT_APPLICABLE - HUMAN_REVIEW_REQUIRED,NOT_APPLICABLE - HUMAN_REVIEW_REQUIRED,HUMAN_REVIEW_REQUIRED,GOV-SEMANTIC-OAIDB-001
PARAM-050,MOD-006,FORM-006,needs_review_days,needs review recency threshold,threshold,integer,days,180,NOT_APPLICABLE - code constant,180,NOT_APPLICABLE,,,,180,180,recency > 180,EXTRACTED from roi_metrics,UNKNOWN - no calibration evidence; see TASK-OAI-B-001,Medium - controls review labels,OpenAIDatabase/scripts/build_memory_atlas_data.py:395,NOT_APPLICABLE,OpenAIDatabase/tests/test_memory_atlas_data.py:25,active,EXTRACTED,TASK-OAI-B-001,roi-leverage-v0,2026-06-20,,HUMAN_REVIEW_REQUIRED,NOT_APPLICABLE - HUMAN_REVIEW_REQUIRED,NOT_APPLICABLE - HUMAN_REVIEW_REQUIRED,NOT_APPLICABLE - HUMAN_REVIEW_REQUIRED,HUMAN_REVIEW_REQUIRED,GOV-SEMANTIC-OAIDB-001
PARAM-051,MOD-006,FORM-006,recommended_action_map,ROI action mapping,rule_map,dict,enum mapping,核心画像=keep_high_weight;一般=review_for_project_linkage;stale_or_review=keep_low_weight_or_refresh;else=keep_as_context,NOT_APPLICABLE - code branches,核心画像=keep_high_weight;一般=review_for_project_linkage;stale_or_review=keep_low_weight_or_refresh;else=keep_as_context,NOT_APPLICABLE,,,,NOT_APPLICABLE,NOT_APPLICABLE,map score context to action,EXTRACTED from roi_metrics,NOT_APPLICABLE,Medium - affects recommendation labels,OpenAIDatabase/scripts/build_memory_atlas_data.py:401,NOT_APPLICABLE,OpenAIDatabase/tests/test_memory_atlas_data.py:25,active,EXTRACTED,,roi-leverage-v0,2026-06-20,,HUMAN_REVIEW_REQUIRED,NOT_APPLICABLE - HUMAN_REVIEW_REQUIRED,NOT_APPLICABLE - HUMAN_REVIEW_REQUIRED,NOT_APPLICABLE - HUMAN_REVIEW_REQUIRED,HUMAN_REVIEW_REQUIRED,GOV-SEMANTIC-OAIDB-001
PARAM-052,MOD-007,FORM-007,activity_score_coefficients,contribution activity score coefficients,scoring_weight_set,dict,points,conversation=5;message=1;memory=3;candidate=1;decision=4;tool=2;error=1;abort=2,NOT_APPLICABLE - code constants,conversation=5;message=1;memory=3;candidate=1;decision=4;tool=2;error=1;abort=2,NOT_APPLICABLE,,,,0,NOT_APPLICABLE,weighted additive score,EXTRACTED from add_activity_score,UNKNOWN - no calibration evidence; see TASK-OAI-B-001,High - controls contribution heat,OpenAIDatabase/scripts/build_memory_atlas_data.py:462,NOT_APPLICABLE,OpenAIDatabase/tests/test_memory_atlas_data.py:25,active,EXTRACTED,TASK-OAI-B-001,activity-score-v2,2026-06-20,,HUMAN_REVIEW_REQUIRED,NOT_APPLICABLE - HUMAN_REVIEW_REQUIRED,NOT_APPLICABLE - HUMAN_REVIEW_REQUIRED,NOT_APPLICABLE - HUMAN_REVIEW_REQUIRED,HUMAN_REVIEW_REQUIRED,GOV-SEMANTIC-OAIDB-001
PARAM-053,MOD-007,FORM-007,activity_level_max,max activity level,constraint,integer,level,5,NOT_APPLICABLE - code constant,5,NOT_APPLICABLE,,,,5,5,ceil(score/max_score*5) bounded to 5,EXTRACTED from activity_level,NOT_APPLICABLE,Medium - controls heat scale,OpenAIDatabase/scripts/build_memory_atlas_data.py:478,NOT_APPLICABLE,OpenAIDatabase/tests/test_memory_atlas_data.py:25,active,EXTRACTED,,activity-score-v2,2026-06-20,,HUMAN_REVIEW_REQUIRED,NOT_APPLICABLE - HUMAN_REVIEW_REQUIRED,NOT_APPLICABLE - HUMAN_REVIEW_REQUIRED,NOT_APPLICABLE - HUMAN_REVIEW_REQUIRED,HUMAN_REVIEW_REQUIRED,GOV-SEMANTIC-OAIDB-001
PARAM-054,MOD-007,FORM-007,quantile_percentiles,score quantile percentiles,scoring_parameter,list[float],percentiles,p50=0.5;p75=0.75;p90=0.9;p95=0.95,NOT_APPLICABLE - code constants,p50=0.5;p75=0.75;p90=0.9;p95=0.95,NOT_APPLICABLE,,,,0,1,ceil(percentile*n)-1 index,EXTRACTED from score_quantiles,NOT_APPLICABLE,Low - summary stats,OpenAIDatabase/scripts/build_memory_atlas_data.py:481,NOT_APPLICABLE,OpenAIDatabase/tests/test_memory_atlas_data.py:25,active,EXTRACTED,,activity-score-v2,2026-06-20,,HUMAN_REVIEW_REQUIRED,NOT_APPLICABLE - HUMAN_REVIEW_REQUIRED,NOT_APPLICABLE - HUMAN_REVIEW_REQUIRED,NOT_APPLICABLE - HUMAN_REVIEW_REQUIRED,HUMAN_REVIEW_REQUIRED,GOV-SEMANTIC-OAIDB-001
PARAM-055,MOD-007,FORM-007,fill_daily_range_enabled,daily range gap fill behavior,rule,boolean,flag,true,NOT_APPLICABLE - function behavior,true,NOT_APPLICABLE,,,,NOT_APPLICABLE,NOT_APPLICABLE,fill missing days between min and max date,EXTRACTED from fill_daily_range,NOT_APPLICABLE,Medium - controls contribution grid continuity,OpenAIDatabase/scripts/build_memory_atlas_data.py:493,NOT_APPLICABLE,OpenAIDatabase/tests/test_memory_atlas_data.py:25,active,EXTRACTED,,activity-score-v2,2026-06-20,,HUMAN_REVIEW_REQUIRED,NOT_APPLICABLE - HUMAN_REVIEW_REQUIRED,NOT_APPLICABLE - HUMAN_REVIEW_REQUIRED,NOT_APPLICABLE - HUMAN_REVIEW_REQUIRED,HUMAN_REVIEW_REQUIRED,GOV-SEMANTIC-OAIDB-001
PARAM-056,MOD-007,FORM-007,score_version,activity score version label,version,string,version,activity_score.v2,NOT_APPLICABLE - output literal,activity_score.v2,NOT_APPLICABLE,,,,NOT_APPLICABLE,NOT_APPLICABLE,embed score version in contribution payload,EXTRACTED from build_contribution,NOT_APPLICABLE,Low - governance traceability,OpenAIDatabase/scripts/build_memory_atlas_data.py:589,NOT_APPLICABLE,OpenAIDatabase/tests/test_memory_atlas_data.py:25,active,EXTRACTED,,activity-score-v2,2026-06-20,,HUMAN_REVIEW_REQUIRED,NOT_APPLICABLE - HUMAN_REVIEW_REQUIRED,NOT_APPLICABLE - HUMAN_REVIEW_REQUIRED,NOT_APPLICABLE - HUMAN_REVIEW_REQUIRED,HUMAN_REVIEW_REQUIRED,GOV-SEMANTIC-OAIDB-001
PARAM-057,MOD-008,FORM-008,TOPIC_RULES,Codex topic detection rules,rule_set,list[rule],keyword rules,memory_atlas;memory_database;codex_local;github_backup;delivery_quality;frontend_visual;security_boundary;finance_trading,NOT_APPLICABLE - code constants,memory_atlas;memory_database;codex_local;github_backup;delivery_quality;frontend_visual;security_boundary;finance_trading,NOT_APPLICABLE,,,,NOT_APPLICABLE,NOT_APPLICABLE,count keyword matches by topic,EXTRACTED from code,UNKNOWN - no calibration evidence; see TASK-OAI-B-001,High - controls topic labels,OpenAIDatabase/scripts/sync_codex_memory_data.py:43,NOT_APPLICABLE,OpenAIDatabase/tests/test_codex_memory_sync.py:20,active,EXTRACTED,TASK-OAI-B-001,codex-sync-v0,2026-06-20,python_ast_sequence_firsts:OpenAIDatabase/scripts/sync_codex_memory_data.py::TOPIC_RULES|join=;,memory_atlas;memory_database;codex_local;github_backup;delivery_quality;frontend_visual;security_boundary;finance_trading,074295212402b6dfd1f807a567c5a18fc6e1558d,2026-06-21T13:06:04Z,sha256:4ab049e87ffc9196ec8103c811d0079b885825ba2527cbbe621c0cf7670cfa45,MACHINE_VERIFIED,
PARAM-058,MOD-008,FORM-008,SIGNAL_RULES,Codex preference signal rules,rule_set,list[rule],keyword rules,prefer_chinese;real_data_required;github_as_memory_source;human_readable_reports;authorization_gate;agent_personalization;no_plaintext_secrets_in_git,NOT_APPLICABLE - code constants,prefer_chinese;real_data_required;github_as_memory_source;human_readable_reports;authorization_gate;agent_personalization;no_plaintext_secrets_in_git,NOT_APPLICABLE,,,,NOT_APPLICABLE,NOT_APPLICABLE,count keyword matches by signal,EXTRACTED from code,UNKNOWN - no calibration evidence; see TASK-OAI-B-001,High - controls recommendation labels,OpenAIDatabase/scripts/sync_codex_memory_data.py:54,NOT_APPLICABLE,OpenAIDatabase/tests/test_codex_memory_sync.py:20,active,EXTRACTED,TASK-OAI-B-001,codex-sync-v0,2026-06-20,python_ast_sequence_firsts:OpenAIDatabase/scripts/sync_codex_memory_data.py::SIGNAL_RULES|join=;,prefer_chinese;real_data_required;github_as_memory_source;human_readable_reports;authorization_gate;agent_personalization;no_plaintext_secrets_in_git,074295212402b6dfd1f807a567c5a18fc6e1558d,2026-06-21T13:06:04Z,sha256:1b7f9a3900b81f419d906661eaf94d1849dd9261944dbe21dab95ee13ff846e5,MACHINE_VERIFIED,
PARAM-059,MOD-008,FORM-008,codex_redaction_limit,redacted text truncation limit,privacy_parameter,integer,characters,160,NOT_APPLICABLE - function default,160,NOT_APPLICABLE,,,,160,160,redact_text value limit,EXTRACTED from redact_text signature,NOT_APPLICABLE,High - controls output payload size and privacy,OpenAIDatabase/scripts/sync_codex_memory_data.py:138,NOT_APPLICABLE,OpenAIDatabase/tests/test_codex_memory_sync.py:20,active,EXTRACTED,,codex-sync-v0,2026-06-20,,HUMAN_REVIEW_REQUIRED,NOT_APPLICABLE - HUMAN_REVIEW_REQUIRED,NOT_APPLICABLE - HUMAN_REVIEW_REQUIRED,NOT_APPLICABLE - HUMAN_REVIEW_REQUIRED,HUMAN_REVIEW_REQUIRED,GOV-SEMANTIC-OAIDB-001
PARAM-060,MOD-008,FORM-008,codex_activity_coefficients,Codex session activity coefficients,scoring_weight_set,dict,points,message=1;user_message=2;tool_call=3;topic_label=4;error_event=2,NOT_APPLICABLE - code constants,message=1;user_message=2;tool_call=3;topic_label=4;error_event=2,NOT_APPLICABLE,,,,0,NOT_APPLICABLE,weighted additive score,EXTRACTED from session summary,UNKNOWN - no calibration evidence; see TASK-OAI-B-001,High - controls Codex activity score,OpenAIDatabase/scripts/sync_codex_memory_data.py:293,NOT_APPLICABLE,OpenAIDatabase/tests/test_codex_memory_sync.py:20,active,EXTRACTED,TASK-OAI-B-001,codex-sync-v0,2026-06-20,,HUMAN_REVIEW_REQUIRED,NOT_APPLICABLE - HUMAN_REVIEW_REQUIRED,NOT_APPLICABLE - HUMAN_REVIEW_REQUIRED,NOT_APPLICABLE - HUMAN_REVIEW_REQUIRED,HUMAN_REVIEW_REQUIRED,GOV-SEMANTIC-OAIDB-001
PARAM-061,MOD-008,FORM-008,codex_activity_level_formula,Codex daily level formula,rule,string,formula,ceil(score*5/max_score) bounded 1..5 else 0,NOT_APPLICABLE - code formula,ceil(score*5/max_score) bounded 1..5 else 0,NOT_APPLICABLE,,,,0,5,activity_level from score and max_score,EXTRACTED from activity_level,NOT_APPLICABLE,Medium - controls heat level,OpenAIDatabase/scripts/sync_codex_memory_data.py:334,NOT_APPLICABLE,OpenAIDatabase/tests/test_codex_memory_sync.py:20,active,EXTRACTED,,codex-sync-v0,2026-06-20,,HUMAN_REVIEW_REQUIRED,NOT_APPLICABLE - HUMAN_REVIEW_REQUIRED,NOT_APPLICABLE - HUMAN_REVIEW_REQUIRED,NOT_APPLICABLE - HUMAN_REVIEW_REQUIRED,HUMAN_REVIEW_REQUIRED,GOV-SEMANTIC-OAIDB-001
PARAM-062,MOD-008,FORM-008,codex_backup_policy,Codex sync backup policy,policy,string,policy,redacted_summary_only_no_raw_transcript_no_plaintext_secret,NOT_APPLICABLE - output literal,redacted_summary_only_no_raw_transcript_no_plaintext_secret,NOT_APPLICABLE,,,,NOT_APPLICABLE,NOT_APPLICABLE,write backup_policy in session manifest,EXTRACTED from session summary,NOT_APPLICABLE,High - privacy boundary,OpenAIDatabase/scripts/sync_codex_memory_data.py:330,NOT_APPLICABLE,OpenAIDatabase/tests/test_codex_memory_sync.py:20,active,EXTRACTED,,codex-sync-v0,2026-06-20,,HUMAN_REVIEW_REQUIRED,NOT_APPLICABLE - HUMAN_REVIEW_REQUIRED,NOT_APPLICABLE - HUMAN_REVIEW_REQUIRED,NOT_APPLICABLE - HUMAN_REVIEW_REQUIRED,HUMAN_REVIEW_REQUIRED,GOV-SEMANTIC-OAIDB-001
PARAM-063,MOD-008,FORM-008,codex_session_importance_thresholds,Codex session importance thresholds,threshold_set,string,points and signal count,高 if activity>=120 or signals>=3;中 if activity>=40 or any signal;else 低,NOT_APPLICABLE - code branches,高 if activity>=120 or signals>=3;中 if activity>=40 or any signal;else 低,NOT_APPLICABLE,,,,0,NOT_APPLICABLE,map Codex activity into memory-like importance,EXTRACTED from codex_session_to_memory_row,UNKNOWN - no calibration evidence; see TASK-OAI-B-001,Medium - controls Codex nodes,OpenAIDatabase/scripts/build_memory_atlas_data.py:871,NOT_APPLICABLE,OpenAIDatabase/tests/test_memory_atlas_data.py:25,active,EXTRACTED,TASK-OAI-B-001,codex-sync-v0,2026-06-20,,HUMAN_REVIEW_REQUIRED,NOT_APPLICABLE - HUMAN_REVIEW_REQUIRED,NOT_APPLICABLE - HUMAN_REVIEW_REQUIRED,NOT_APPLICABLE - HUMAN_REVIEW_REQUIRED,HUMAN_REVIEW_REQUIRED,GOV-SEMANTIC-OAIDB-001
PARAM-064,MOD-009,FORM-009,data_source_schema_version,source registry schema version,version,string,version,memory_atlas_data_source_registry.v1,NOT_APPLICABLE - config value,memory_atlas_data_source_registry.v1,NOT_APPLICABLE,,,,NOT_APPLICABLE,NOT_APPLICABLE,validate registry schema,EXTRACTED from config and loader,NOT_APPLICABLE,High - gates source registry parsing,OpenAIDatabase/scripts/build_memory_atlas_data.py:158,OpenAIDatabase/config/data_sources/source_registry.json:1,OpenAIDatabase/tests/test_memory_atlas_data.py:25,active,EXTRACTED,,source-registry-v0,2026-06-20,json_path:OpenAIDatabase/config/data_sources/source_registry.json::schema_version,memory_atlas_data_source_registry.v1,074295212402b6dfd1f807a567c5a18fc6e1558d,2026-06-21T13:06:04Z,sha256:8b3ec8c6f6d0ed7afdb8190b2176343c7ff9564f30239753a21413ecf0ee3073,MACHINE_VERIFIED,
PARAM-065,MOD-009,FORM-009,data_source_contract_version,canonical event contract version,version,string,version,canonical_memory_event.v1,NOT_APPLICABLE - config value,canonical_memory_event.v1,NOT_APPLICABLE,,,,NOT_APPLICABLE,NOT_APPLICABLE,document canonical event contract,EXTRACTED from config,NOT_APPLICABLE,Medium - governs future ingestors,OpenAIDatabase/config/data_sources/source_registry.json:1,OpenAIDatabase/config/data_sources/source_registry.json:2,OpenAIDatabase/tests/test_memory_atlas_acceptance_audit.py,active,EXTRACTED,,source-registry-v0,2026-06-20,json_path:OpenAIDatabase/config/data_sources/source_registry.json::contract_version,canonical_memory_event.v1,074295212402b6dfd1f807a567c5a18fc6e1558d,2026-06-21T13:06:04Z,sha256:0cba6ce01d8cd46193dbb0f2c6b7e522be3c44ac6980422645a97dfae91aba3f,MACHINE_VERIFIED,
PARAM-066,MOD-009,FORM-009,active_source_ids,active source IDs,config,list[string],ids,memory_atlas;codex,NOT_APPLICABLE - config statuses,memory_atlas;codex,NOT_APPLICABLE,,,,NOT_APPLICABLE,NOT_APPLICABLE,status active sources,EXTRACTED from source_registry,NOT_APPLICABLE,High - affects data source slices,OpenAIDatabase/config/data_sources/source_registry.json:1,OpenAIDatabase/config/data_sources/source_registry.json:1,OpenAIDatabase/tests/test_memory_atlas_data.py:25,active,EXTRACTED,,source-registry-v0,2026-06-20,json_path_list_field:OpenAIDatabase/config/data_sources/source_registry.json::sources::id|where=status=active|join=;,memory_atlas;codex,074295212402b6dfd1f807a567c5a18fc6e1558d,2026-06-21T13:06:04Z,sha256:7903386043997bfed10cba9748fe5647be4abc2e2a7b7c9bd42e716e852353fd,MACHINE_VERIFIED,
PARAM-067,MOD-009,FORM-009,planned_source_ids,planned source IDs,config,list[string],ids,wechat;xiaohongshu;douyin,NOT_APPLICABLE - config statuses,wechat;xiaohongshu;douyin,NOT_APPLICABLE,,,,NOT_APPLICABLE,NOT_APPLICABLE,status planned sources,EXTRACTED from source_registry and acceptance,NOT_APPLICABLE,Medium - future source control,OpenAIDatabase/scripts/audit_memory_atlas_acceptance.py:93,OpenAIDatabase/config/data_sources/source_registry.json:1,OpenAIDatabase/tests/test_memory_atlas_acceptance_audit.py,active,EXTRACTED,,source-registry-v0,2026-06-20,json_path_list_field:OpenAIDatabase/config/data_sources/source_registry.json::sources::id|where=status=planned|join=;,wechat;xiaohongshu;douyin,074295212402b6dfd1f807a567c5a18fc6e1558d,2026-06-21T13:06:04Z,sha256:70b0e9c4842019ee6d757e756f4007e6a7e66fe6bc3d90c08972c02bf160aecb,MACHINE_VERIFIED,
PARAM-068,MOD-009,FORM-009,canonical_required_fields,canonical event required fields,schema,list[string],field names,source_id;record_id;occurred_at;record_type;title;summary;topics;sensitivity;memory_tier;importance;confidence;dedupe_key,NOT_APPLICABLE - config list,source_id;record_id;occurred_at;record_type;title;summary;topics;sensitivity;memory_tier;importance;confidence;dedupe_key,NOT_APPLICABLE,,,,NOT_APPLICABLE,NOT_APPLICABLE,required fields for future ingestors,EXTRACTED from config,NOT_APPLICABLE,High - governs source ingestion,OpenAIDatabase/config/data_sources/source_registry.json:1,OpenAIDatabase/config/data_sources/source_registry.json:1,OpenAIDatabase/tests/test_memory_atlas_acceptance_audit.py,active,EXTRACTED,,source-registry-v0,2026-06-20,json_path:OpenAIDatabase/config/data_sources/source_registry.json::canonical_event_contract.required_fields|join=;,source_id;record_id;occurred_at;record_type;title;summary;topics;sensitivity;memory_tier;importance;confidence;dedupe_key,074295212402b6dfd1f807a567c5a18fc6e1558d,2026-06-21T13:06:04Z,sha256:bc228eeeac347d70c7dd96734b0c979daa5b99dcfe02725a0056a43718fc7cc7,MACHINE_VERIFIED,
PARAM-069,MOD-009,FORM-009,homepage_visible_source_ids,homepage data source selector IDs,ui_rule,list[string],ids,all;memory_atlas;codex,NOT_APPLICABLE - acceptance rule,all;memory_atlas;codex,NOT_APPLICABLE,,,,NOT_APPLICABLE,NOT_APPLICABLE,visible selector IDs must match exactly,EXTRACTED from acceptance audit,NOT_APPLICABLE,High - prevents fake planned sources,OpenAIDatabase/scripts/audit_memory_atlas_acceptance.py:125,OpenAIDatabase/config/data_sources/source_registry.json:1,OpenAIDatabase/tests/test_memory_atlas_acceptance_audit.py,active,EXTRACTED,,source-registry-v0,2026-06-20,,HUMAN_REVIEW_REQUIRED,NOT_APPLICABLE - HUMAN_REVIEW_REQUIRED,NOT_APPLICABLE - HUMAN_REVIEW_REQUIRED,NOT_APPLICABLE - HUMAN_REVIEW_REQUIRED,HUMAN_REVIEW_REQUIRED,GOV-SEMANTIC-OAIDB-001
PARAM-070,MOD-009,FORM-009,homepage_source_labels,homepage data source labels,ui_rule,dict,label map,all=总数据源;memory_atlas=ChatGPT;codex=Codex,NOT_APPLICABLE - acceptance rule,all=总数据源;memory_atlas=ChatGPT;codex=Codex,NOT_APPLICABLE,,,,NOT_APPLICABLE,NOT_APPLICABLE,validate selector labels,EXTRACTED from acceptance audit,NOT_APPLICABLE,Medium - user-facing source labeling,OpenAIDatabase/scripts/audit_memory_atlas_acceptance.py:128,OpenAIDatabase/config/data_sources/source_registry.json:1,OpenAIDatabase/tests/test_memory_atlas_acceptance_audit.py,active,EXTRACTED,,source-registry-v0,2026-06-20,,HUMAN_REVIEW_REQUIRED,NOT_APPLICABLE - HUMAN_REVIEW_REQUIRED,NOT_APPLICABLE - HUMAN_REVIEW_REQUIRED,NOT_APPLICABLE - HUMAN_REVIEW_REQUIRED,HUMAN_REVIEW_REQUIRED,GOV-SEMANTIC-OAIDB-001
PARAM-071,MOD-009,FORM-009,planned_source_mock_policy,planned source no-fake policy,policy,string,policy,planned_sources_must_not_create_fake_nodes_or_activity,NOT_APPLICABLE - config policy,planned_sources_must_not_create_fake_nodes_or_activity,NOT_APPLICABLE,,,,NOT_APPLICABLE,NOT_APPLICABLE,planned sources stay registry-only,EXTRACTED from registry privacy contract and audit,NOT_APPLICABLE,High - prevents fabricated data,OpenAIDatabase/scripts/audit_memory_atlas_acceptance.py:139,OpenAIDatabase/config/data_sources/source_registry.json:1,OpenAIDatabase/tests/test_memory_atlas_acceptance_audit.py,active,EXTRACTED,,source-registry-v0,2026-06-20,json_path:OpenAIDatabase/config/data_sources/source_registry.json::canonical_event_contract.privacy_contract.mock_policy,planned_sources_must_not_create_fake_nodes_or_activity,074295212402b6dfd1f807a567c5a18fc6e1558d,2026-06-21T13:06:04Z,sha256:1bbf58d5aeb4dcc6c18c276564869735e21682e1ae8b180bad363b40e1ce6605,MACHINE_VERIFIED,
PARAM-072,MOD-009,FORM-009,static_summary_private_policy,public snapshot private summary policy,privacy_policy,string,policy,private original text omitted;authorized agent fetch required,NOT_APPLICABLE - code branch,private original text omitted;authorized agent fetch required,NOT_APPLICABLE,,,,NOT_APPLICABLE,NOT_APPLICABLE,static summary replacement for private rows,EXTRACTED from static_summary,NOT_APPLICABLE,High - prevents raw statement exposure,OpenAIDatabase/scripts/build_memory_atlas_data.py:287,NOT_APPLICABLE,OpenAIDatabase/tests/test_memory_atlas_data.py:25,active,EXTRACTED,,source-registry-v0,2026-06-20,,HUMAN_REVIEW_REQUIRED,NOT_APPLICABLE - HUMAN_REVIEW_REQUIRED,NOT_APPLICABLE - HUMAN_REVIEW_REQUIRED,NOT_APPLICABLE - HUMAN_REVIEW_REQUIRED,HUMAN_REVIEW_REQUIRED,GOV-SEMANTIC-OAIDB-001
PARAM-073,MOD-010,FORM-010,WRITEBACK_QUEUE_KEY,frontend writeback localStorage key,config,string,key,memory-atlas.writeback.proposals.v1,NOT_APPLICABLE - code constant,memory-atlas.writeback.proposals.v1,NOT_APPLICABLE,,,,NOT_APPLICABLE,NOT_APPLICABLE,load and save proposals in localStorage,EXTRACTED from frontend,NOT_APPLICABLE,Medium - controls local proposal storage,OpenAIDatabase/apps/memory-atlas/src/App.tsx:250,NOT_APPLICABLE,OpenAIDatabase/tests/test_memory_atlas_data.py:25,active,EXTRACTED,,writeback-proposal-v0,2026-06-20,"text_regex:OpenAIDatabase/apps/memory-atlas/src/App.tsx::const WRITEBACK_QUEUE_KEY = ""([^""]+)"";",memory-atlas.writeback.proposals.v1,074295212402b6dfd1f807a567c5a18fc6e1558d,2026-06-21T13:06:04Z,sha256:8e0d39c04a133e6c150637f7cfa5848cc6766b6fcc99cd0894aa36662dd511a5,MACHINE_VERIFIED,
PARAM-074,MOD-010,FORM-010,PROPOSAL_SCHEMA_VERSION,proposal schema version,version,string,version,memory_change_proposal.v1,NOT_APPLICABLE - code constant,memory_change_proposal.v1,NOT_APPLICABLE,,,,NOT_APPLICABLE,NOT_APPLICABLE,write proposal schema_version,EXTRACTED from build script and frontend fallback,NOT_APPLICABLE,Medium - proposal compatibility,OpenAIDatabase/scripts/build_memory_atlas_data.py:30,NOT_APPLICABLE,OpenAIDatabase/tests/test_memory_atlas_release_audit.py:24,active,EXTRACTED,,writeback-proposal-v0,2026-06-20,python_ast_assignment:OpenAIDatabase/scripts/build_memory_atlas_data.py::PROPOSAL_SCHEMA_VERSION,memory_change_proposal.v1,074295212402b6dfd1f807a567c5a18fc6e1558d,2026-06-21T13:06:04Z,sha256:df6d6ab4a3ffd1f1f8a86dec9b1187616f7d3621a5e36760734f411ba8fea0d0,MACHINE_VERIFIED,
PARAM-075,MOD-010,FORM-010,proposal_status,writeback proposal status,state,string,enum,draft_pending_agent_apply,NOT_APPLICABLE - code literal,draft_pending_agent_apply,NOT_APPLICABLE,,,,NOT_APPLICABLE,NOT_APPLICABLE,set and validate proposal status,EXTRACTED from saveProposal and isWritebackProposal,NOT_APPLICABLE,High - prevents direct apply confusion,OpenAIDatabase/apps/memory-atlas/src/App.tsx:2336,NOT_APPLICABLE,OpenAIDatabase/tests/test_memory_atlas_release_audit.py:24,active,EXTRACTED,,writeback-proposal-v0,2026-06-20,"text_regex:OpenAIDatabase/apps/memory-atlas/src/App.tsx::status: ""([^""]+)""",draft_pending_agent_apply,074295212402b6dfd1f807a567c5a18fc6e1558d,2026-06-21T13:06:04Z,sha256:86b4a9d677b6ef898e2ec411792ea0e980b7098851ae87461d2a736f98fc9137,MACHINE_VERIFIED,
PARAM-076,MOD-010,FORM-010,revision_increment,proposal revision increment rule,rule,string,formula,latest.revision + 1 else 1,NOT_APPLICABLE - code expression,latest.revision + 1 else 1,NOT_APPLICABLE,,,,1,NOT_APPLICABLE,revision from latest proposal,EXTRACTED from saveProposal and rollback,NOT_APPLICABLE,High - controls version chain,OpenAIDatabase/apps/memory-atlas/src/App.tsx:2353,NOT_APPLICABLE,OpenAIDatabase/tests/test_memory_atlas_data.py:25,active,EXTRACTED,,writeback-proposal-v0,2026-06-20,,HUMAN_REVIEW_REQUIRED,NOT_APPLICABLE - HUMAN_REVIEW_REQUIRED,NOT_APPLICABLE - HUMAN_REVIEW_REQUIRED,NOT_APPLICABLE - HUMAN_REVIEW_REQUIRED,HUMAN_REVIEW_REQUIRED,GOV-SEMANTIC-OAIDB-001
PARAM-077,MOD-010,FORM-010,rollback_unit,writeback rollback unit,policy,string,enum,git_commit_or_memory_version;fallback per_memory_version,NOT_APPLICABLE - source_contract and fallback,git_commit_or_memory_version,NOT_APPLICABLE,,,,NOT_APPLICABLE,NOT_APPLICABLE,use policy rollback unit or fallback,EXTRACTED from source contract and frontend,NOT_APPLICABLE,High - controls rollback semantics,OpenAIDatabase/scripts/build_memory_atlas_data.py:1232,NOT_APPLICABLE,OpenAIDatabase/tests/test_memory_atlas_data.py:25,active,EXTRACTED,,writeback-proposal-v0,2026-06-20,,HUMAN_REVIEW_REQUIRED,NOT_APPLICABLE - HUMAN_REVIEW_REQUIRED,NOT_APPLICABLE - HUMAN_REVIEW_REQUIRED,NOT_APPLICABLE - HUMAN_REVIEW_REQUIRED,HUMAN_REVIEW_REQUIRED,GOV-SEMANTIC-OAIDB-001
PARAM-078,MOD-010,FORM-010,forbidden_payload_list,frontend forbidden proposal payload list,policy,list[string],forbidden fields,plaintext secrets;raw conversation text;record hashes;local absolute paths,NOT_APPLICABLE - frontend fallback list,plaintext secrets;raw conversation text;record hashes;local absolute paths,NOT_APPLICABLE,,,,NOT_APPLICABLE,NOT_APPLICABLE,proposal safety forbidden_payload,EXTRACTED from saveProposal,NOT_APPLICABLE,High - prevents sensitive payloads,OpenAIDatabase/apps/memory-atlas/src/App.tsx:2363,NOT_APPLICABLE,OpenAIDatabase/tests/test_memory_atlas_release_audit.py:24,active,EXTRACTED,,writeback-proposal-v0,2026-06-20,,HUMAN_REVIEW_REQUIRED,NOT_APPLICABLE - HUMAN_REVIEW_REQUIRED,NOT_APPLICABLE - HUMAN_REVIEW_REQUIRED,NOT_APPLICABLE - HUMAN_REVIEW_REQUIRED,HUMAN_REVIEW_REQUIRED,GOV-SEMANTIC-OAIDB-001
PARAM-079,MOD-010,FORM-010,direct_frontend_mutation_flag,direct frontend active memory mutation flag,policy,boolean,flag,false,NOT_APPLICABLE - source_contract and proposal safety,false,NOT_APPLICABLE,,,,false,false,must remain false,EXTRACTED from source contract and proposal safety,NOT_APPLICABLE,High - writeback safety gate,OpenAIDatabase/scripts/build_memory_atlas_data.py:1245,NOT_APPLICABLE,OpenAIDatabase/tests/test_memory_atlas_release_audit.py:24,active,EXTRACTED,,writeback-proposal-v0,2026-06-20,,HUMAN_REVIEW_REQUIRED,NOT_APPLICABLE - HUMAN_REVIEW_REQUIRED,NOT_APPLICABLE - HUMAN_REVIEW_REQUIRED,NOT_APPLICABLE - HUMAN_REVIEW_REQUIRED,HUMAN_REVIEW_REQUIRED,GOV-SEMANTIC-OAIDB-001
PARAM-080,MOD-010,FORM-010,requires_conflict_check,writeback requires conflict check,policy,boolean,flag,true,NOT_APPLICABLE - proposal safety,true,NOT_APPLICABLE,,,,true,true,controlled apply must check conflicts,EXTRACTED from saveProposal,NOT_APPLICABLE,High - prevents stale overwrite,OpenAIDatabase/apps/memory-atlas/src/App.tsx:2361,NOT_APPLICABLE,OpenAIDatabase/tests/test_memory_atlas_data.py:25,active,EXTRACTED,,writeback-proposal-v0,2026-06-20,text_regex:OpenAIDatabase/apps/memory-atlas/src/App.tsx::requires_conflict_check: (true),true,074295212402b6dfd1f807a567c5a18fc6e1558d,2026-06-21T13:06:04Z,sha256:d594211fe0136e8814320aedd91f08c3a5bfece372e4825405e383959d0c31b7,MACHINE_VERIFIED,
PARAM-081,MOD-010,FORM-010,diff_segment_split_regex,proposal readable segment split regex,rule,string,regex,[。！？!?;；\\n]+,NOT_APPLICABLE - code regex,[。！？!?;；\\n]+,NOT_APPLICABLE,,,,NOT_APPLICABLE,NOT_APPLICABLE,split base and proposed text into readable segments,EXTRACTED from splitReadableSegments,NOT_APPLICABLE,Low - affects diff summary,OpenAIDatabase/apps/memory-atlas/src/App.tsx:4512,NOT_APPLICABLE,OpenAIDatabase/tests/test_memory_atlas_data.py:25,active,EXTRACTED,,writeback-proposal-v0,2026-06-20,,HUMAN_REVIEW_REQUIRED,NOT_APPLICABLE - HUMAN_REVIEW_REQUIRED,NOT_APPLICABLE - HUMAN_REVIEW_REQUIRED,NOT_APPLICABLE - HUMAN_REVIEW_REQUIRED,HUMAN_REVIEW_REQUIRED,GOV-SEMANTIC-OAIDB-001
PARAM-082,MOD-010,FORM-010,version_chain_display_limit,proposal version chain display limit,ui_parameter,integer,proposals,6,NOT_APPLICABLE - code slice,6,NOT_APPLICABLE,,,,6,6,reverse proposals then slice first 6,EXTRACTED from frontend,NOT_APPLICABLE,Low - UI history display,OpenAIDatabase/apps/memory-atlas/src/App.tsx:2315,NOT_APPLICABLE,OpenAIDatabase/tests/test_memory_atlas_data.py:25,active,EXTRACTED,,writeback-proposal-v0,2026-06-20,"text_regex:OpenAIDatabase/apps/memory-atlas/src/App.tsx::versionChain = useMemo\(\(\) => \[\.\.\.nodeProposals\]\.reverse\(\)\.slice\(0, ([0-9]+)\)",6,074295212402b6dfd1f807a567c5a18fc6e1558d,2026-06-21T13:06:04Z,sha256:8669c745ed355438b4fd8d3dfb4ccd8346147127d1cc83b9a17affafcb6172e9,MACHINE_VERIFIED,
PARAM-083,MOD-011,FORM-011,context_layer_ids,three-layer context IDs,config,list[string],ids,L1_CORE_PROFILE;L2_PROJECT_MEMORY;L3_BEHAVIOR_HISTORY,NOT_APPLICABLE - config list,L1_CORE_PROFILE;L2_PROJECT_MEMORY;L3_BEHAVIOR_HISTORY,NOT_APPLICABLE,,,,NOT_APPLICABLE,NOT_APPLICABLE,layer ids define private structured context order,EXTRACTED from three_layer_context config,NOT_APPLICABLE,High - controls context source structure,OpenAIDatabase/scripts/build_personalization_exports.py:57,OpenAIDatabase/config/context_sources/three_layer_context.json:1,OpenAIDatabase/tests/test_personalization_architecture.py:1,active,EXTRACTED,,personalization-routing-v0,2026-06-21,json_path_list_field:OpenAIDatabase/config/context_sources/three_layer_context.json::layers::layer_id|join=;,L1_CORE_PROFILE;L2_PROJECT_MEMORY;L3_BEHAVIOR_HISTORY,074295212402b6dfd1f807a567c5a18fc6e1558d,2026-06-21T13:06:04Z,sha256:a4acf27f6f0e752db83f318b79539a7d3f3f54d386037641704a185fa9edf6ff,MACHINE_VERIFIED,
PARAM-084,MOD-011,FORM-011,sync_required_targets,required memory update targets,policy,list[string],semantic target,profile;preference;taste;history;pattern,NOT_APPLICABLE - config list,profile;preference;taste;history;pattern,NOT_APPLICABLE,,,,NOT_APPLICABLE,NOT_APPLICABLE,future agents must update mapped source files for these targets,EXTRACTED from config and AGENTS,NOT_APPLICABLE,High - prevents stale personalization,OpenAIDatabase/scripts/evaluate_personalization_context.py:63,OpenAIDatabase/config/context_sources/three_layer_context.json:1,OpenAIDatabase/tests/test_personalization_architecture.py:100,active,EXTRACTED,,personalization-routing-v0,2026-06-21,json_path:OpenAIDatabase/config/context_sources/three_layer_context.json::sync_required_targets|join=;,profile;preference;taste;history;pattern,074295212402b6dfd1f807a567c5a18fc6e1558d,2026-06-21T13:06:04Z,sha256:f1beb951a73616cb231ebd38f47ff4ebd7a1065424467109a0c28c8ed747eaa1,MACHINE_VERIFIED,
PARAM-085,MOD-011,FORM-011,personalization_export_targets,generated personalization output files,path_set,list[string],relative paths,chatgpt_personalization.md;codex_personalization.md;personalization_export.json,NOT_APPLICABLE - code constants,chatgpt_personalization.md;codex_personalization.md;personalization_export.json,NOT_APPLICABLE,,,,NOT_APPLICABLE,NOT_APPLICABLE,write ChatGPT Codex and machine exports,EXTRACTED from script constants,NOT_APPLICABLE,High - controls durable export locations,OpenAIDatabase/scripts/build_personalization_exports.py:18,OpenAIDatabase/config/evaluation/personalization_harness.json:1,OpenAIDatabase/tests/test_personalization_architecture.py:117,active,EXTRACTED,,personalization-routing-v0,2026-06-21,,HUMAN_REVIEW_REQUIRED,NOT_APPLICABLE - HUMAN_REVIEW_REQUIRED,NOT_APPLICABLE - HUMAN_REVIEW_REQUIRED,NOT_APPLICABLE - HUMAN_REVIEW_REQUIRED,HUMAN_REVIEW_REQUIRED,GOV-SEMANTIC-OAIDB-001
PARAM-086,MOD-011,FORM-011,codex_startup_read_order,Codex startup route read order,route,list[string],relative paths,AGENTS.md;data/derived/personalization/codex_personalization.md,NOT_APPLICABLE - config route,AGENTS.md;data/derived/personalization/codex_personalization.md,NOT_APPLICABLE,,,,NOT_APPLICABLE,NOT_APPLICABLE,startup intent returns minimal read order,"EXTRACTED from startup route config and focused test; deeper context files are conditional resources, not default startup read order.",NOT_APPLICABLE,High - controls agent startup context,OpenAIDatabase/scripts/route_agent_resources.py:22,OpenAIDatabase/config/context_sources/resource_routes.json:1,OpenAIDatabase/tests/test_personalization_architecture.py:116,active,EXTRACTED,,personalization-routing-v0,2026-06-21,json_path:OpenAIDatabase/config/context_sources/resource_routes.json::routes.0.read_order|join=;,AGENTS.md;data/derived/personalization/codex_personalization.md,074295212402b6dfd1f807a567c5a18fc6e1558d,2026-06-21T13:06:04Z,sha256:9a9208114509ab4573fcea5126ab9329cc54a5da8f89a0f547ade5f872b20f71,MACHINE_VERIFIED,
PARAM-087,MOD-011,FORM-011,resource_route_intents,registered resource routing intents,route_set,list[string],intent,startup;chatgpt_personalization;codex_personalization;project_history;taste_profile;evaluation,NOT_APPLICABLE - config list,startup;chatgpt_personalization;codex_personalization;project_history;taste_profile;evaluation,NOT_APPLICABLE,,,,NOT_APPLICABLE,NOT_APPLICABLE,route_resources selects one intent or fails,EXTRACTED from route config,NOT_APPLICABLE,Medium - controls on-demand routing,OpenAIDatabase/scripts/route_agent_resources.py:22,OpenAIDatabase/config/context_sources/resource_routes.json:1,OpenAIDatabase/tests/test_personalization_architecture.py:116,active,EXTRACTED,,personalization-routing-v0,2026-06-21,json_path_list_field:OpenAIDatabase/config/context_sources/resource_routes.json::routes::intent|join=;,startup;chatgpt_personalization;codex_personalization;project_history;taste_profile;evaluation,074295212402b6dfd1f807a567c5a18fc6e1558d,2026-06-21T13:06:04Z,sha256:342477dbfc46b17a63cca75d18a34436538f2c43a3fe2ee2859b483892c373e7,MACHINE_VERIFIED,
PARAM-088,MOD-011,FORM-011,required_log_categories,four run log categories,policy,list[string],log category,sync_runs;export_runs;evaluation_runs;agent_runs,NOT_APPLICABLE - config list,sync_runs;export_runs;evaluation_runs;agent_runs,NOT_APPLICABLE,,,,NOT_APPLICABLE,NOT_APPLICABLE,evaluation verifies categories and directories,EXTRACTED from config and docs,NOT_APPLICABLE,High - controls run audit trail,OpenAIDatabase/scripts/evaluate_personalization_context.py:65,OpenAIDatabase/config/evaluation/personalization_harness.json:1,OpenAIDatabase/tests/test_personalization_architecture.py:122,active,EXTRACTED,,personalization-routing-v0,2026-06-21,json_path:OpenAIDatabase/config/evaluation/personalization_harness.json::required_log_categories|join=;,sync_runs;export_runs;evaluation_runs;agent_runs,074295212402b6dfd1f807a567c5a18fc6e1558d,2026-06-21T13:06:04Z,sha256:c6fc073b211e1264e8427631917023985ef9911b34371baa5d7d6c58546b689a,MACHINE_VERIFIED,
PARAM-089,MOD-011,FORM-011,evaluation_required_sections,required export Markdown sections,acceptance,list[string],section title,Core Profile;Preferences And Taste;History And Patterns;Project And Decision Context;Future Agent Sync Rules,NOT_APPLICABLE - config list,Core Profile;Preferences And Taste;History And Patterns;Project And Decision Context;Future Agent Sync Rules,NOT_APPLICABLE,,,,NOT_APPLICABLE,NOT_APPLICABLE,evaluation fails if generated exports omit a required section,EXTRACTED from harness,NOT_APPLICABLE,High - controls export completeness,OpenAIDatabase/scripts/evaluate_personalization_context.py:55,OpenAIDatabase/config/evaluation/personalization_harness.json:1,OpenAIDatabase/tests/test_personalization_architecture.py:118,active,EXTRACTED,,personalization-routing-v0,2026-06-21,json_path:OpenAIDatabase/config/evaluation/personalization_harness.json::required_export_sections|join=;,Core Profile;Preferences And Taste;History And Patterns;Project And Decision Context;Future Agent Sync Rules,074295212402b6dfd1f807a567c5a18fc6e1558d,2026-06-21T13:06:04Z,sha256:e8c4a2497d955c268de1c3b56a858f39e89c56a15157c4a07d25d8cbf3519161,MACHINE_VERIFIED,
PARAM-090,MOD-011,FORM-011,forbidden_plaintext_patterns,basic forbidden plaintext guardrail,security_rule,list[string],pattern,sk-;BEGIN PRIVATE KEY;api_key=;password=;Bearer,NOT_APPLICABLE - config list,sk-;BEGIN PRIVATE KEY;api_key=;password=;Bearer,NOT_APPLICABLE,,,,NOT_APPLICABLE,NOT_APPLICABLE,evaluation scans exports for basic forbidden patterns,EXTRACTED from harness,NOT_APPLICABLE,High - reduces secret leak risk,OpenAIDatabase/scripts/evaluate_personalization_context.py:56,OpenAIDatabase/config/evaluation/personalization_harness.json:1,OpenAIDatabase/tests/test_personalization_architecture.py:116,active,EXTRACTED,,personalization-routing-v0,2026-06-21,,HUMAN_REVIEW_REQUIRED,NOT_APPLICABLE - HUMAN_REVIEW_REQUIRED,NOT_APPLICABLE - HUMAN_REVIEW_REQUIRED,NOT_APPLICABLE - HUMAN_REVIEW_REQUIRED,HUMAN_REVIEW_REQUIRED,GOV-SEMANTIC-OAIDB-001
PARAM-091,MOD-011,FORM-011,sync_chain_after_build_atlas,post-sync regeneration chain,workflow,list[string],command,build_memory_atlas_data;build_agent_context_pack;build_personalization_exports,NOT_APPLICABLE - code command chain,build_memory_atlas_data;build_agent_context_pack;build_personalization_exports,NOT_APPLICABLE,,,,NOT_APPLICABLE,NOT_APPLICABLE,sync_codex_memory_data --build-atlas rebuilds derived atlas agent context and personalization exports,EXTRACTED from sync script,NOT_APPLICABLE,High - keeps exports fresh after sync,OpenAIDatabase/scripts/sync_codex_memory_data.py:407,OpenAIDatabase/config/codex/config.template.toml:1,OpenAIDatabase/tests/test_codex_memory_sync.py:20,active,EXTRACTED,,personalization-routing-v0,2026-06-21,,HUMAN_REVIEW_REQUIRED,NOT_APPLICABLE - HUMAN_REVIEW_REQUIRED,NOT_APPLICABLE - HUMAN_REVIEW_REQUIRED,NOT_APPLICABLE - HUMAN_REVIEW_REQUIRED,HUMAN_REVIEW_REQUIRED,GOV-SEMANTIC-OAIDB-001
PARAM-092,MOD-011,FORM-011,evaluation_status_success,evaluation pass status string,state,string,enum,PASS,NOT_APPLICABLE - code literal,PASS,NOT_APPLICABLE,,,,NOT_APPLICABLE,NOT_APPLICABLE,evaluate returns PASS when all required architecture checks pass,EXTRACTED from evaluator,NOT_APPLICABLE,Medium - controls CLI exit result,OpenAIDatabase/scripts/evaluate_personalization_context.py:75,OpenAIDatabase/config/evaluation/personalization_harness.json:1,OpenAIDatabase/tests/test_personalization_architecture.py:117,active,EXTRACTED,,personalization-routing-v0,2026-06-21,,HUMAN_REVIEW_REQUIRED,NOT_APPLICABLE - HUMAN_REVIEW_REQUIRED,NOT_APPLICABLE - HUMAN_REVIEW_REQUIRED,NOT_APPLICABLE - HUMAN_REVIEW_REQUIRED,HUMAN_REVIEW_REQUIRED,GOV-SEMANTIC-OAIDB-001
PARAM-093,MOD-009,FORM-009,data_guide_visual_layer_id,Memory Atlas secondary visual layer ID,ui_contract,string,layer id,data_guide,notion_map,data_guide,NOT_APPLICABLE,,,,NOT_APPLICABLE,NOT_APPLICABLE,visual_layers.secondary uses data_guide and the UI renders the framework map,EXTRACTED from data guide rename and visual acceptance,NOT_APPLICABLE,Medium - controls user-facing navigation and snapshot contract,OpenAIDatabase/apps/memory-atlas/src/App.tsx:1,OpenAIDatabase/data/derived/visualization/memory_atlas.json:1,OpenAIDatabase/tests/test_memory_atlas_visual_acceptance.py:1,active,EXTRACTED,,source-registry-v0,2026-06-26,,HUMAN_REVIEW_REQUIRED,NOT_APPLICABLE - HUMAN_REVIEW_REQUIRED,NOT_APPLICABLE - HUMAN_REVIEW_REQUIRED,NOT_APPLICABLE - HUMAN_REVIEW_REQUIRED,HUMAN_REVIEW_REQUIRED,TASK-OAI-D-001
PARAM-094,MOD-008,FORM-008,codex_auto_update_schedule,Codex memory auto-update schedule,cron_policy,string,weekday and local time,Monday 03:00;Wednesday 03:00;Friday 03:00,NOT_APPLICABLE - prior LaunchAgent schedule,Monday 03:00;Wednesday 03:00;Friday 03:00,NOT_APPLICABLE,,,,NOT_APPLICABLE,NOT_APPLICABLE,install_codex_weekly_sync configures the recurring refresh cadence and run_codex_memory_auto_update executes Codex sync token usage exports every run and session history exports on Monday runs,EXTRACTED from auto sync installer and tests,NOT_APPLICABLE,High - controls freshness of Codex-derived Memory Atlas data,OpenAIDatabase/scripts/install_codex_weekly_sync.py:1,NOT_APPLICABLE,OpenAIDatabase/tests/test_codex_auto_update_launchagent.py:1,active,EXTRACTED,,codex-sync-v0,2026-06-26,,HUMAN_REVIEW_REQUIRED,NOT_APPLICABLE - HUMAN_REVIEW_REQUIRED,NOT_APPLICABLE - HUMAN_REVIEW_REQUIRED,NOT_APPLICABLE - HUMAN_REVIEW_REQUIRED,HUMAN_REVIEW_REQUIRED,TASK-OAI-D-001
