archive_id,category,project_id,source_path,size_bytes,sha256,active_reference_count,archive_action,retention_until,notes
REVIEW9-S6PAT01-LEGACY-ARCHIVE,project_v1_governance_file,Alpha,Alpha/docs/governance/MODEL_SPEC.md,7438,c5ce1384c430615d0886a5892f30822a8866e540b3d7b19fe9be46cc3c50fbfc,9,retain_in_place_until_reference_scan_zero_review10_owner_approval,REVIEW10_PLUS_OWNER_APPROVAL,Lean v2 replacement exists; original retained because active references may still exist.
REVIEW9-S6PAT01-LEGACY-ARCHIVE,project_v1_governance_file,Alpha,Alpha/docs/governance/model_registry.yaml,8980,4211c61649634246aab3d9367c6b5bbcb2657770852e90375b13e2cc6e615bb5,7,retain_in_place_until_reference_scan_zero_review10_owner_approval,REVIEW10_PLUS_OWNER_APPROVAL,Lean v2 replacement exists; original retained because active references may still exist.
REVIEW9-S6PAT01-LEGACY-ARCHIVE,project_v1_governance_file,Alpha,Alpha/docs/governance/formula_registry.yaml,17648,f0560740f9b40078ac214668db36eb3f8ab64a8dff048fa9aeb1e20a73a8aed2,12,retain_in_place_until_reference_scan_zero_review10_owner_approval,REVIEW10_PLUS_OWNER_APPROVAL,Lean v2 replacement exists; original retained because active references may still exist.
REVIEW9-S6PAT01-LEGACY-ARCHIVE,project_v1_governance_file,Alpha,Alpha/docs/governance/parameter_registry.csv,35621,e49fb56a150bf7464efb2475d5b49c81b43a04dd7a0b101b2720a2b55f20033e,71,retain_in_place_until_reference_scan_zero_review10_owner_approval,REVIEW10_PLUS_OWNER_APPROVAL,Lean v2 replacement exists; original retained because active references may still exist.
REVIEW9-S6PAT01-LEGACY-ARCHIVE,project_v1_governance_file,Alpha,Alpha/docs/governance/DEVELOPMENT_LEDGER.md,7423,2721b6934738db9b09b36b1a3841864ca298a6d4b8b359f8cee75e94503c0b1d,8,retain_in_place_until_reference_scan_zero_review10_owner_approval,REVIEW10_PLUS_OWNER_APPROVAL,Lean v2 replacement exists; original retained because active references may still exist.
REVIEW9-S6PAT01-LEGACY-ARCHIVE,project_v1_governance_file,Alpha,Alpha/docs/governance/development_events.jsonl,14366,b07d57d448b8eb81105ef589d8f2b19e64497e045a2e763b1b9cafd5965a99de,9,retain_in_place_until_reference_scan_zero_review10_owner_approval,REVIEW10_PLUS_OWNER_APPROVAL,Lean v2 replacement exists; original retained because active references may still exist.
REVIEW9-S6PAT01-LEGACY-ARCHIVE,project_v1_governance_file,Alpha,Alpha/docs/governance/DELIVERY_PLAN.md,1764,3a41f6abd3a17766eb171af28512e6069a0e5ed09cb88da980ebdb4087f8bb5a,3,retain_in_place_until_reference_scan_zero_review10_owner_approval,REVIEW10_PLUS_OWNER_APPROVAL,Lean v2 replacement exists; original retained because active references may still exist.
REVIEW9-S6PAT01-LEGACY-ARCHIVE,project_v1_governance_file,Alpha,Alpha/docs/governance/delivery_tasks.yaml,9359,8924a9cf17431d5512e1b8b6e861f6d26b3701f965e5e4d9e4b2253413bd13a1,13,retain_in_place_until_reference_scan_zero_review10_owner_approval,REVIEW10_PLUS_OWNER_APPROVAL,Lean v2 replacement exists; original retained because active references may still exist.
REVIEW9-S6PAT01-LEGACY-ARCHIVE,project_v1_governance_file,Alpha,Alpha/docs/governance/VERSION_MATRIX.yaml,1047,c1fdea055939442da85e604c16e8e05b10c78f99ab6f1035ac6b5f21d19b54d5,8,retain_in_place_until_reference_scan_zero_review10_owner_approval,REVIEW10_PLUS_OWNER_APPROVAL,Lean v2 replacement exists; original retained because active references may still exist.
REVIEW9-S6PAT01-LEGACY-ARCHIVE,project_v1_governance_file,Alpha,Alpha/docs/governance/TRACEABILITY_MATRIX.csv,13780,1fe2d04e99f995f6a81cf698b71e002d1faf102d48281b8c9def08aa64b6134b,4,retain_in_place_until_reference_scan_zero_review10_owner_approval,REVIEW10_PLUS_OWNER_APPROVAL,Lean v2 replacement exists; original retained because active references may still exist.
REVIEW9-S6PAT01-LEGACY-ARCHIVE,project_v1_governance_file,Alpha,Alpha/docs/governance/ASSURANCE_STATUS.yaml,5464,ea5502049e3cc9dbbdd1b03311237e1eb892b5407a89e99c5e3f2bebaee1e61b,5,retain_in_place_until_reference_scan_zero_review10_owner_approval,REVIEW10_PLUS_OWNER_APPROVAL,Lean v2 replacement exists; original retained because active references may still exist.
REVIEW9-S6PAT01-LEGACY-ARCHIVE,project_v1_governance_file,Alpha,Alpha/docs/governance/STATUS.md,1781,7f2b6a34d3af09712d48ff3e655145ec4af0d2494b6b746ba748fabb03889f4c,5,retain_in_place_until_reference_scan_zero_review10_owner_approval,REVIEW10_PLUS_OWNER_APPROVAL,Lean v2 replacement exists; original retained because active references may still exist.
REVIEW9-S6PAT01-LEGACY-ARCHIVE,project_v1_governance_file,Alpha,Alpha/docs/governance/OWNER_STATUS.md,4373,db8c01baff28b3b71714f337db1a26fdc85fe0a198b9b57f6cd23c6ff758afb2,5,retain_in_place_until_reference_scan_zero_review10_owner_approval,REVIEW10_PLUS_OWNER_APPROVAL,Lean v2 replacement exists; original retained because active references may still exist.
REVIEW9-S6PAT01-LEGACY-ARCHIVE,project_v1_governance_file,Alpha,Alpha/VERSION,6,e9dd8507f4bf0c6f42458e41aea833ad0bd3f6127272335eee9bf4d58541ed67,2,retain_in_place_until_reference_scan_zero_review10_owner_approval,REVIEW10_PLUS_OWNER_APPROVAL,Lean v2 replacement exists; original retained because active references may still exist.
REVIEW9-S6PAT01-LEGACY-ARCHIVE,project_v1_governance_file,Alpha,Alpha/CHANGELOG.md,608,03a22fc7aa92b6da33c177481ef64c210350d09c969fca087a1b5f57cb7a91b5,2,retain_in_place_until_reference_scan_zero_review10_owner_approval,REVIEW10_PLUS_OWNER_APPROVAL,Lean v2 replacement exists; original retained because active references may still exist.
REVIEW9-S6PAT01-LEGACY-ARCHIVE,project_v1_governance_file,EEI,EEI/docs/governance/MODEL_SPEC.md,42573,80f4597b68f9d0f05c8902a228585c257f7cb8f38f2368cc528e9527544adc2e,21,retain_in_place_until_reference_scan_zero_review10_owner_approval,REVIEW10_PLUS_OWNER_APPROVAL,Lean v2 replacement exists; original retained because active references may still exist.
REVIEW9-S6PAT01-LEGACY-ARCHIVE,project_v1_governance_file,EEI,EEI/docs/governance/model_registry.yaml,25901,1b4abea43831c970a07f5b52a6b3fa39679aee7fdb400eaa9e88e2d8b47a163a,18,retain_in_place_until_reference_scan_zero_review10_owner_approval,REVIEW10_PLUS_OWNER_APPROVAL,Lean v2 replacement exists; original retained because active references may still exist.
REVIEW9-S6PAT01-LEGACY-ARCHIVE,project_v1_governance_file,EEI,EEI/docs/governance/formula_registry.yaml,31670,77844983c107c1623e43017a958677c4ebf36850c40f34bd3afa76046fd01887,23,retain_in_place_until_reference_scan_zero_review10_owner_approval,REVIEW10_PLUS_OWNER_APPROVAL,Lean v2 replacement exists; original retained because active references may still exist.
REVIEW9-S6PAT01-LEGACY-ARCHIVE,project_v1_governance_file,EEI,EEI/docs/governance/parameter_registry.csv,63714,b9519f4c5755d9b7f05ef05543b423cd0b238e7900865fc31417fe4c7a9c0edf,30,retain_in_place_until_reference_scan_zero_review10_owner_approval,REVIEW10_PLUS_OWNER_APPROVAL,Lean v2 replacement exists; original retained because active references may still exist.
REVIEW9-S6PAT01-LEGACY-ARCHIVE,project_v1_governance_file,EEI,EEI/docs/governance/DEVELOPMENT_LEDGER.md,85883,c6773868da3c30bbada532e0360d4f93fd077a604ff79bc2846695ece75e06bb,44,retain_in_place_until_reference_scan_zero_review10_owner_approval,REVIEW10_PLUS_OWNER_APPROVAL,Lean v2 replacement exists; original retained because active references may still exist.
REVIEW9-S6PAT01-LEGACY-ARCHIVE,project_v1_governance_file,EEI,EEI/docs/governance/development_events.jsonl,304965,775ebe3d271cb0304091bc1bb1e90d758d79b8ffc980c6360974018a251386b9,8,retain_in_place_until_reference_scan_zero_review10_owner_approval,REVIEW10_PLUS_OWNER_APPROVAL,Lean v2 replacement exists; original retained because active references may still exist.
REVIEW9-S6PAT01-LEGACY-ARCHIVE,project_v1_governance_file,EEI,EEI/docs/governance/DELIVERY_PLAN.md,1897,37efed6e2a4952df64a7dd00e48e8c4bfec015c2a82be26f99986754f9a72983,12,retain_in_place_until_reference_scan_zero_review10_owner_approval,REVIEW10_PLUS_OWNER_APPROVAL,Lean v2 replacement exists; original retained because active references may still exist.
REVIEW9-S6PAT01-LEGACY-ARCHIVE,project_v1_governance_file,EEI,EEI/docs/governance/delivery_tasks.yaml,182626,874875f4d8653d8383c1686797c0664b9e907745887469ac2fd7d9539ea06222,36,retain_in_place_until_reference_scan_zero_review10_owner_approval,REVIEW10_PLUS_OWNER_APPROVAL,Lean v2 replacement exists; original retained because active references may still exist.
REVIEW9-S6PAT01-LEGACY-ARCHIVE,project_v1_governance_file,EEI,EEI/docs/governance/VERSION_MATRIX.yaml,1205,733d31f5a8661d86d24a689c7e90711e982532780ef935135151baf6a6443766,25,retain_in_place_until_reference_scan_zero_review10_owner_approval,REVIEW10_PLUS_OWNER_APPROVAL,Lean v2 replacement exists; original retained because active references may still exist.
REVIEW9-S6PAT01-LEGACY-ARCHIVE,project_v1_governance_file,EEI,EEI/docs/governance/TRACEABILITY_MATRIX.csv,33695,6c0a8bfad1eb33aafa5bd0f6e00466cef23c320997df6ee5e4e4ffa7258c2a3c,24,retain_in_place_until_reference_scan_zero_review10_owner_approval,REVIEW10_PLUS_OWNER_APPROVAL,Lean v2 replacement exists; original retained because active references may still exist.
REVIEW9-S6PAT01-LEGACY-ARCHIVE,project_v1_governance_file,EEI,EEI/docs/governance/ASSURANCE_STATUS.yaml,5359,82b61f974e0bf8b081d4a3e7dea0593d0b857704f418b78e68d160afe4c5cac6,25,retain_in_place_until_reference_scan_zero_review10_owner_approval,REVIEW10_PLUS_OWNER_APPROVAL,Lean v2 replacement exists; original retained because active references may still exist.
REVIEW9-S6PAT01-LEGACY-ARCHIVE,project_v1_governance_file,EEI,EEI/docs/governance/STATUS.md,1778,b6309423bc36bf963c7b1836b73b11a769986c2b156ec64d5931a0f50d1e4d41,30,retain_in_place_until_reference_scan_zero_review10_owner_approval,REVIEW10_PLUS_OWNER_APPROVAL,Lean v2 replacement exists; original retained because active references may still exist.
REVIEW9-S6PAT01-LEGACY-ARCHIVE,project_v1_governance_file,EEI,EEI/docs/governance/OWNER_STATUS.md,4377,722381cf26246c5ecaf9fb21f4f2a8cc845a8f39e6c6d74940572075fb3bef03,31,retain_in_place_until_reference_scan_zero_review10_owner_approval,REVIEW10_PLUS_OWNER_APPROVAL,Lean v2 replacement exists; original retained because active references may still exist.
REVIEW9-S6PAT01-LEGACY-ARCHIVE,project_v1_governance_file,EEI,EEI/VERSION,6,e9dd8507f4bf0c6f42458e41aea833ad0bd3f6127272335eee9bf4d58541ed67,1,retain_in_place_until_reference_scan_zero_review10_owner_approval,REVIEW10_PLUS_OWNER_APPROVAL,Lean v2 replacement exists; original retained because active references may still exist.
REVIEW9-S6PAT01-LEGACY-ARCHIVE,project_v1_governance_file,EEI,EEI/CHANGELOG.md,3312,9156432286cdeef3d21e2314cde2293bdaef61f7a92e9c9ff95d0ce651785d37,22,retain_in_place_until_reference_scan_zero_review10_owner_approval,REVIEW10_PLUS_OWNER_APPROVAL,Lean v2 replacement exists; original retained because active references may still exist.
REVIEW9-S6PAT01-LEGACY-ARCHIVE,project_v1_governance_file,EVA_OS,EVA_OS/docs/governance/MODEL_SPEC.md,46522,33eadec2c6ae1aa931abfbd85743cee7269153717e1346ccd29be6654949872b,78,retain_in_place_until_reference_scan_zero_review10_owner_approval,REVIEW10_PLUS_OWNER_APPROVAL,Lean v2 replacement exists; original retained because active references may still exist.
REVIEW9-S6PAT01-LEGACY-ARCHIVE,project_v1_governance_file,EVA_OS,EVA_OS/docs/governance/model_registry.yaml,39893,0ec63a44998643f3c5227f04ffadd5345bd72c4e4671c031d6991ba297b25df2,28,retain_in_place_until_reference_scan_zero_review10_owner_approval,REVIEW10_PLUS_OWNER_APPROVAL,Lean v2 replacement exists; original retained because active references may still exist.
REVIEW9-S6PAT01-LEGACY-ARCHIVE,project_v1_governance_file,EVA_OS,EVA_OS/docs/governance/formula_registry.yaml,44361,eabf6d250a78aca33da797ce48a4017e2ab058f56156f86ad84f9accb742bab0,22,retain_in_place_until_reference_scan_zero_review10_owner_approval,REVIEW10_PLUS_OWNER_APPROVAL,Lean v2 replacement exists; original retained because active references may still exist.
REVIEW9-S6PAT01-LEGACY-ARCHIVE,project_v1_governance_file,EVA_OS,EVA_OS/docs/governance/parameter_registry.csv,108148,41cb2f0a0c7f6004c2e48eaebc4b1aaee29786edc009bcdafe0e7289149a7047,36,retain_in_place_until_reference_scan_zero_review10_owner_approval,REVIEW10_PLUS_OWNER_APPROVAL,Lean v2 replacement exists; original retained because active references may still exist.
REVIEW9-S6PAT01-LEGACY-ARCHIVE,project_v1_governance_file,EVA_OS,EVA_OS/docs/governance/DEVELOPMENT_LEDGER.md,8382,d9bd202cd14a534c2aff4c177c0deb8c23b80d317118d5faee594169fe1a1fa8,9,retain_in_place_until_reference_scan_zero_review10_owner_approval,REVIEW10_PLUS_OWNER_APPROVAL,Lean v2 replacement exists; original retained because active references may still exist.
REVIEW9-S6PAT01-LEGACY-ARCHIVE,project_v1_governance_file,EVA_OS,EVA_OS/docs/governance/development_events.jsonl,8444,ad5627685157a27166fd47506ba38605658eba7151dc4298e21a8c0b3c44d457,9,retain_in_place_until_reference_scan_zero_review10_owner_approval,REVIEW10_PLUS_OWNER_APPROVAL,Lean v2 replacement exists; original retained because active references may still exist.
REVIEW9-S6PAT01-LEGACY-ARCHIVE,project_v1_governance_file,EVA_OS,EVA_OS/docs/governance/DELIVERY_PLAN.md,1079,b7a28635858f41bc0ebe4f7c34808f6d85e534a04fa434b741112dbe476e9e39,4,retain_in_place_until_reference_scan_zero_review10_owner_approval,REVIEW10_PLUS_OWNER_APPROVAL,Lean v2 replacement exists; original retained because active references may still exist.
REVIEW9-S6PAT01-LEGACY-ARCHIVE,project_v1_governance_file,EVA_OS,EVA_OS/docs/governance/delivery_tasks.yaml,19562,35df094a9fb71cecbfb7dd7ea34127e1529b1c67f94d679faf21816ffaef3c02,13,retain_in_place_until_reference_scan_zero_review10_owner_approval,REVIEW10_PLUS_OWNER_APPROVAL,Lean v2 replacement exists; original retained because active references may still exist.
REVIEW9-S6PAT01-LEGACY-ARCHIVE,project_v1_governance_file,EVA_OS,EVA_OS/docs/governance/VERSION_MATRIX.yaml,1023,f2504f3b15e22020b90b1e68cef78b13ec646b2f51dfd6aec1d1072c31ce3c1d,6,retain_in_place_until_reference_scan_zero_review10_owner_approval,REVIEW10_PLUS_OWNER_APPROVAL,Lean v2 replacement exists; original retained because active references may still exist.
REVIEW9-S6PAT01-LEGACY-ARCHIVE,project_v1_governance_file,EVA_OS,EVA_OS/docs/governance/TRACEABILITY_MATRIX.csv,5818,65c1568602695b14fc67d6850ea06065793cfd3e03c99bd523c523701c6aca62,3,retain_in_place_until_reference_scan_zero_review10_owner_approval,REVIEW10_PLUS_OWNER_APPROVAL,Lean v2 replacement exists; original retained because active references may still exist.
REVIEW9-S6PAT01-LEGACY-ARCHIVE,project_v1_governance_file,EVA_OS,EVA_OS/docs/governance/ASSURANCE_STATUS.yaml,5130,c09e00c7576799e449c20580cb1ea626d7d1d1c811c04d1ed074febe3d9e1b0e,5,retain_in_place_until_reference_scan_zero_review10_owner_approval,REVIEW10_PLUS_OWNER_APPROVAL,Lean v2 replacement exists; original retained because active references may still exist.
REVIEW9-S6PAT01-LEGACY-ARCHIVE,project_v1_governance_file,EVA_OS,EVA_OS/docs/governance/STATUS.md,1800,ff5b8719ce5df28e04c2a354b3d95edcc7c2d55b9845cc62e12c741a50d3d47e,6,retain_in_place_until_reference_scan_zero_review10_owner_approval,REVIEW10_PLUS_OWNER_APPROVAL,Lean v2 replacement exists; original retained because active references may still exist.
REVIEW9-S6PAT01-LEGACY-ARCHIVE,project_v1_governance_file,EVA_OS,EVA_OS/docs/governance/OWNER_STATUS.md,4127,87c5ce3a63727c456da0e7734a46286fbddba668003cc26d8a7ddf6c0d627af5,6,retain_in_place_until_reference_scan_zero_review10_owner_approval,REVIEW10_PLUS_OWNER_APPROVAL,Lean v2 replacement exists; original retained because active references may still exist.
REVIEW9-S6PAT01-LEGACY-ARCHIVE,project_v1_governance_file,EVA_OS,EVA_OS/VERSION,6,e9dd8507f4bf0c6f42458e41aea833ad0bd3f6127272335eee9bf4d58541ed67,1,retain_in_place_until_reference_scan_zero_review10_owner_approval,REVIEW10_PLUS_OWNER_APPROVAL,Lean v2 replacement exists; original retained because active references may still exist.
REVIEW9-S6PAT01-LEGACY-ARCHIVE,project_v1_governance_file,EVA_OS,EVA_OS/CHANGELOG.md,683,c9341f30b8985f6a9cfb26735aaeee081e2aed4da254ba2d132dd28790e7c312,1,retain_in_place_until_reference_scan_zero_review10_owner_approval,REVIEW10_PLUS_OWNER_APPROVAL,Lean v2 replacement exists; original retained because active references may still exist.
REVIEW9-S6PAT01-LEGACY-ARCHIVE,project_v1_governance_file,FIFA,FIFA/docs/governance/MODEL_SPEC.md,12407,3fd2096dd712eb077f4d98d6c7d60bc09e76f1d72a56ced700de174216a8c751,4,retain_in_place_until_reference_scan_zero_review10_owner_approval,REVIEW10_PLUS_OWNER_APPROVAL,Lean v2 replacement exists; original retained because active references may still exist.
REVIEW9-S6PAT01-LEGACY-ARCHIVE,project_v1_governance_file,FIFA,FIFA/docs/governance/model_registry.yaml,21832,f0def017230590f82fc8ea992babc99b353af2e065d7d5ec9bb974e55cc341d6,5,retain_in_place_until_reference_scan_zero_review10_owner_approval,REVIEW10_PLUS_OWNER_APPROVAL,Lean v2 replacement exists; original retained because active references may still exist.
REVIEW9-S6PAT01-LEGACY-ARCHIVE,project_v1_governance_file,FIFA,FIFA/docs/governance/formula_registry.yaml,37755,bd73cd86cc142100f9eddea4c4a1c935b837ace7ec0d9e108445eadd9aef4cba,11,retain_in_place_until_reference_scan_zero_review10_owner_approval,REVIEW10_PLUS_OWNER_APPROVAL,Lean v2 replacement exists; original retained because active references may still exist.
REVIEW9-S6PAT01-LEGACY-ARCHIVE,project_v1_governance_file,FIFA,FIFA/docs/governance/parameter_registry.csv,91357,a2bb8ad349f82ffa57ff962ce99c69443e046ae2b8ebeeabd81a5760f087fa25,123,retain_in_place_until_reference_scan_zero_review10_owner_approval,REVIEW10_PLUS_OWNER_APPROVAL,Lean v2 replacement exists; original retained because active references may still exist.
REVIEW9-S6PAT01-LEGACY-ARCHIVE,project_v1_governance_file,FIFA,FIFA/docs/governance/DEVELOPMENT_LEDGER.md,7211,2b8c39c17b891e5e248b6b31452ec14e3c0a3610b03832ab5ceb3b7192459cfd,4,retain_in_place_until_reference_scan_zero_review10_owner_approval,REVIEW10_PLUS_OWNER_APPROVAL,Lean v2 replacement exists; original retained because active references may still exist.
REVIEW9-S6PAT01-LEGACY-ARCHIVE,project_v1_governance_file,FIFA,FIFA/docs/governance/development_events.jsonl,10398,b3f586447b7732a71bb8448ac4179b090b156fbe215827946a0ca73d4c8c6904,8,retain_in_place_until_reference_scan_zero_review10_owner_approval,REVIEW10_PLUS_OWNER_APPROVAL,Lean v2 replacement exists; original retained because active references may still exist.
REVIEW9-S6PAT01-LEGACY-ARCHIVE,project_v1_governance_file,FIFA,FIFA/docs/governance/DELIVERY_PLAN.md,2780,b84f687cb3bb501f2702fdee416033138b6eae4af1f4dc7bd887cab11b76aeff,3,retain_in_place_until_reference_scan_zero_review10_owner_approval,REVIEW10_PLUS_OWNER_APPROVAL,Lean v2 replacement exists; original retained because active references may still exist.
REVIEW9-S6PAT01-LEGACY-ARCHIVE,project_v1_governance_file,FIFA,FIFA/docs/governance/delivery_tasks.yaml,13671,d9bb7ce44983fcf2da2d28bb38721bd0d3390f4145bb7f841c606bd8b112dc77,12,retain_in_place_until_reference_scan_zero_review10_owner_approval,REVIEW10_PLUS_OWNER_APPROVAL,Lean v2 replacement exists; original retained because active references may still exist.
REVIEW9-S6PAT01-LEGACY-ARCHIVE,project_v1_governance_file,FIFA,FIFA/docs/governance/VERSION_MATRIX.yaml,1880,668a4f7bf80ec1bdeccc8360cd0c0a7dd20c6d89eb36907f558123e8955d39a4,6,retain_in_place_until_reference_scan_zero_review10_owner_approval,REVIEW10_PLUS_OWNER_APPROVAL,Lean v2 replacement exists; original retained because active references may still exist.
REVIEW9-S6PAT01-LEGACY-ARCHIVE,project_v1_governance_file,FIFA,FIFA/docs/governance/TRACEABILITY_MATRIX.csv,4081,5bf2fd3ece149a15714973e5cfcc5faad84303d4130140dc20fd89a23468a181,4,retain_in_place_until_reference_scan_zero_review10_owner_approval,REVIEW10_PLUS_OWNER_APPROVAL,Lean v2 replacement exists; original retained because active references may still exist.
REVIEW9-S6PAT01-LEGACY-ARCHIVE,project_v1_governance_file,FIFA,FIFA/docs/governance/ASSURANCE_STATUS.yaml,5051,652ea2c41faeaac57ebb3bc99cdb3220401fcbaff9f39276e796c87f614cffbb,5,retain_in_place_until_reference_scan_zero_review10_owner_approval,REVIEW10_PLUS_OWNER_APPROVAL,Lean v2 replacement exists; original retained because active references may still exist.
REVIEW9-S6PAT01-LEGACY-ARCHIVE,project_v1_governance_file,FIFA,FIFA/docs/governance/STATUS.md,1782,796c1e46db9660c6efa9fd416c5ec208aee59d98a07cb11dd2ca21849875ced2,4,retain_in_place_until_reference_scan_zero_review10_owner_approval,REVIEW10_PLUS_OWNER_APPROVAL,Lean v2 replacement exists; original retained because active references may still exist.
REVIEW9-S6PAT01-LEGACY-ARCHIVE,project_v1_governance_file,FIFA,FIFA/docs/governance/OWNER_STATUS.md,4160,8db5078f8d5f2609d9e2636ff26b199e7aa7866c915dea634ae7aee6b23953c3,6,retain_in_place_until_reference_scan_zero_review10_owner_approval,REVIEW10_PLUS_OWNER_APPROVAL,Lean v2 replacement exists; original retained because active references may still exist.
REVIEW9-S6PAT01-LEGACY-ARCHIVE,project_v1_governance_file,FIFA,FIFA/VERSION,6,e9dd8507f4bf0c6f42458e41aea833ad0bd3f6127272335eee9bf4d58541ed67,2,retain_in_place_until_reference_scan_zero_review10_owner_approval,REVIEW10_PLUS_OWNER_APPROVAL,Lean v2 replacement exists; original retained because active references may still exist.
REVIEW9-S6PAT01-LEGACY-ARCHIVE,project_v1_governance_file,FIFA,FIFA/CHANGELOG.md,472,f531c5c0ed31f813e88567d1bfec95c90e05c1a70d291aae4a36c7ead291e04a,3,retain_in_place_until_reference_scan_zero_review10_owner_approval,REVIEW10_PLUS_OWNER_APPROVAL,Lean v2 replacement exists; original retained because active references may still exist.
REVIEW9-S6PAT01-LEGACY-ARCHIVE,project_v1_governance_file,OpMe_System,OpMe_System/docs/governance/MODEL_SPEC.md,1509,69f7f0e9638dd750859f15fb2acf4f3908566bab0c183f8d6c98cbd1af32dc0a,7,retain_in_place_until_reference_scan_zero_review10_owner_approval,REVIEW10_PLUS_OWNER_APPROVAL,Lean v2 replacement exists; original retained because active references may still exist.
REVIEW9-S6PAT01-LEGACY-ARCHIVE,project_v1_governance_file,OpMe_System,OpMe_System/docs/governance/model_registry.yaml,6844,50cd95583d8468ae3536e255aff6021604e47b9dc34ef1c4692fdafe333c9335,2,retain_in_place_until_reference_scan_zero_review10_owner_approval,REVIEW10_PLUS_OWNER_APPROVAL,Lean v2 replacement exists; original retained because active references may still exist.
REVIEW9-S6PAT01-LEGACY-ARCHIVE,project_v1_governance_file,OpMe_System,OpMe_System/docs/governance/formula_registry.yaml,13279,738251615f941d0f6c701e6f4359c22dd31551295c5e19407cf4a9a71bcd2f91,10,retain_in_place_until_reference_scan_zero_review10_owner_approval,REVIEW10_PLUS_OWNER_APPROVAL,Lean v2 replacement exists; original retained because active references may still exist.
REVIEW9-S6PAT01-LEGACY-ARCHIVE,project_v1_governance_file,OpMe_System,OpMe_System/docs/governance/parameter_registry.csv,35385,3a4e5410ea73b64a54ac01aac216e0f2bfe5a51513850f7ffd1bd0d394bc42c0,62,retain_in_place_until_reference_scan_zero_review10_owner_approval,REVIEW10_PLUS_OWNER_APPROVAL,Lean v2 replacement exists; original retained because active references may still exist.
REVIEW9-S6PAT01-LEGACY-ARCHIVE,project_v1_governance_file,OpMe_System,OpMe_System/docs/governance/DEVELOPMENT_LEDGER.md,5299,700dab7d0d9e00f5562a20c6f3a6c76b08a5ad4dd28d03a9edcc332ccc17a0df,6,retain_in_place_until_reference_scan_zero_review10_owner_approval,REVIEW10_PLUS_OWNER_APPROVAL,Lean v2 replacement exists; original retained because active references may still exist.
REVIEW9-S6PAT01-LEGACY-ARCHIVE,project_v1_governance_file,OpMe_System,OpMe_System/docs/governance/development_events.jsonl,16348,691f4ce5a94003732cfd08ea8115e8c06b2e02877a97d277512402d2e5338d10,8,retain_in_place_until_reference_scan_zero_review10_owner_approval,REVIEW10_PLUS_OWNER_APPROVAL,Lean v2 replacement exists; original retained because active references may still exist.
REVIEW9-S6PAT01-LEGACY-ARCHIVE,project_v1_governance_file,OpMe_System,OpMe_System/docs/governance/DELIVERY_PLAN.md,483,cb765ba3b256d56ec36e0bcb2d3c6e5abb62ea17f56822cac63627ade6343dd4,2,retain_in_place_until_reference_scan_zero_review10_owner_approval,REVIEW10_PLUS_OWNER_APPROVAL,Lean v2 replacement exists; original retained because active references may still exist.
REVIEW9-S6PAT01-LEGACY-ARCHIVE,project_v1_governance_file,OpMe_System,OpMe_System/docs/governance/delivery_tasks.yaml,6901,4a3d29d7174d40cd1392868a45ce9690455d6ecdad52c1a67d09c4a5801f0ab5,13,retain_in_place_until_reference_scan_zero_review10_owner_approval,REVIEW10_PLUS_OWNER_APPROVAL,Lean v2 replacement exists; original retained because active references may still exist.
REVIEW9-S6PAT01-LEGACY-ARCHIVE,project_v1_governance_file,OpMe_System,OpMe_System/docs/governance/VERSION_MATRIX.yaml,721,c98070bee6ad1158e5542e9cfc93ea9372a218d0c715aaf1d87800caf3af8747,6,retain_in_place_until_reference_scan_zero_review10_owner_approval,REVIEW10_PLUS_OWNER_APPROVAL,Lean v2 replacement exists; original retained because active references may still exist.
REVIEW9-S6PAT01-LEGACY-ARCHIVE,project_v1_governance_file,OpMe_System,OpMe_System/docs/governance/TRACEABILITY_MATRIX.csv,12587,3ad44201ab22599ac038e2b7d172dc0838da33ba257dcd3abe0f285baf1601ea,0,retain_in_place_until_reference_scan_zero_review10_owner_approval,REVIEW10_PLUS_OWNER_APPROVAL,Lean v2 replacement exists; original retained because active references may still exist.
REVIEW9-S6PAT01-LEGACY-ARCHIVE,project_v1_governance_file,OpMe_System,OpMe_System/docs/governance/ASSURANCE_STATUS.yaml,5304,eb2a9d7140e645bb1bd3ce0b9bb1bb2f535f92939ce4891bf1ea253ebe203152,5,retain_in_place_until_reference_scan_zero_review10_owner_approval,REVIEW10_PLUS_OWNER_APPROVAL,Lean v2 replacement exists; original retained because active references may still exist.
REVIEW9-S6PAT01-LEGACY-ARCHIVE,project_v1_governance_file,OpMe_System,OpMe_System/docs/governance/STATUS.md,1848,1e5d600499589fce8d69b80dc9505702735179d3d696b8384c6cea1a66086cc4,7,retain_in_place_until_reference_scan_zero_review10_owner_approval,REVIEW10_PLUS_OWNER_APPROVAL,Lean v2 replacement exists; original retained because active references may still exist.
REVIEW9-S6PAT01-LEGACY-ARCHIVE,project_v1_governance_file,OpMe_System,OpMe_System/docs/governance/OWNER_STATUS.md,4275,ec75671c097d4aaa8954d133b0acc3c11d05a1bc66b8b24fd2901e8206e2c95f,7,retain_in_place_until_reference_scan_zero_review10_owner_approval,REVIEW10_PLUS_OWNER_APPROVAL,Lean v2 replacement exists; original retained because active references may still exist.
REVIEW9-S6PAT01-LEGACY-ARCHIVE,project_v1_governance_file,OpMe_System,OpMe_System/VERSION,6,59854984853104df5c353e2f681a15fc7924742f9a2e468c29af248dce45ce03,1,retain_in_place_until_reference_scan_zero_review10_owner_approval,REVIEW10_PLUS_OWNER_APPROVAL,Lean v2 replacement exists; original retained because active references may still exist.
REVIEW9-S6PAT01-LEGACY-ARCHIVE,project_v1_governance_file,OpMe_System,OpMe_System/CHANGELOG.md,394,3c739ccbbf42c04f0066932e05203621eba03cade011ad2149ecf011a7e3dd0e,1,retain_in_place_until_reference_scan_zero_review10_owner_approval,REVIEW10_PLUS_OWNER_APPROVAL,Lean v2 replacement exists; original retained because active references may still exist.
REVIEW9-S6PAT01-LEGACY-ARCHIVE,project_v1_governance_file,OpenAIDatabase,OpenAIDatabase/docs/governance/MODEL_SPEC.md,10092,939d3183b04da6b1324821a863e41013db78729a5bb8c8bb4788cb096180ecf0,7,retain_in_place_until_reference_scan_zero_review10_owner_approval,REVIEW10_PLUS_OWNER_APPROVAL,Lean v2 replacement exists; original retained because active references may still exist.
REVIEW9-S6PAT01-LEGACY-ARCHIVE,project_v1_governance_file,OpenAIDatabase,OpenAIDatabase/docs/governance/model_registry.yaml,15862,9ba90cdb461ed07b696bc149531db58f367a9cba3ccb9510a37b2fd08a724210,9,retain_in_place_until_reference_scan_zero_review10_owner_approval,REVIEW10_PLUS_OWNER_APPROVAL,Lean v2 replacement exists; original retained because active references may still exist.
REVIEW9-S6PAT01-LEGACY-ARCHIVE,project_v1_governance_file,OpenAIDatabase,OpenAIDatabase/docs/governance/formula_registry.yaml,32084,32617068ee6e71b76e4941b112933f9dda16cdec169e5a21b06e1a962c436aac,16,retain_in_place_until_reference_scan_zero_review10_owner_approval,REVIEW10_PLUS_OWNER_APPROVAL,Lean v2 replacement exists; original retained because active references may still exist.
REVIEW9-S6PAT01-LEGACY-ARCHIVE,project_v1_governance_file,OpenAIDatabase,OpenAIDatabase/docs/governance/parameter_registry.csv,73571,2f31afcc301498b120f3f7f56c40a2fb3b81a46b009e46b74cdf584fdfb9baea,94,retain_in_place_until_reference_scan_zero_review10_owner_approval,REVIEW10_PLUS_OWNER_APPROVAL,Lean v2 replacement exists; original retained because active references may still exist.
REVIEW9-S6PAT01-LEGACY-ARCHIVE,project_v1_governance_file,OpenAIDatabase,OpenAIDatabase/docs/governance/DEVELOPMENT_LEDGER.md,14908,38f080901ddc62c8256e24adc341705bc89c34a3e3565d4c8ee638e3901ea0ba,7,retain_in_place_until_reference_scan_zero_review10_owner_approval,REVIEW10_PLUS_OWNER_APPROVAL,Lean v2 replacement exists; original retained because active references may still exist.
REVIEW9-S6PAT01-LEGACY-ARCHIVE,project_v1_governance_file,OpenAIDatabase,OpenAIDatabase/docs/governance/development_events.jsonl,14548,f0b5dede51d5662f17d5bd4badf251996ace111c594d780d948c34bbdf0bc476,11,retain_in_place_until_reference_scan_zero_review10_owner_approval,REVIEW10_PLUS_OWNER_APPROVAL,Lean v2 replacement exists; original retained because active references may still exist.
REVIEW9-S6PAT01-LEGACY-ARCHIVE,project_v1_governance_file,OpenAIDatabase,OpenAIDatabase/docs/governance/DELIVERY_PLAN.md,7754,5ba32f4900036cfff9ede13e5f15e40d9b12c6c2da29cf482b4885abd204490d,2,retain_in_place_until_reference_scan_zero_review10_owner_approval,REVIEW10_PLUS_OWNER_APPROVAL,Lean v2 replacement exists; original retained because active references may still exist.
REVIEW9-S6PAT01-LEGACY-ARCHIVE,project_v1_governance_file,OpenAIDatabase,OpenAIDatabase/docs/governance/delivery_tasks.yaml,12401,210bcdd9cce12a14314dd50a2b31704c5c4fa7de214ab6ecab6f737ec7525ba2,17,retain_in_place_until_reference_scan_zero_review10_owner_approval,REVIEW10_PLUS_OWNER_APPROVAL,Lean v2 replacement exists; original retained because active references may still exist.
REVIEW9-S6PAT01-LEGACY-ARCHIVE,project_v1_governance_file,OpenAIDatabase,OpenAIDatabase/docs/governance/VERSION_MATRIX.yaml,1389,436c12025f0880b639b1bccddf03ee8ab1b91f976a23c4a21e85fcc3c08ed644,12,retain_in_place_until_reference_scan_zero_review10_owner_approval,REVIEW10_PLUS_OWNER_APPROVAL,Lean v2 replacement exists; original retained because active references may still exist.
REVIEW9-S6PAT01-LEGACY-ARCHIVE,project_v1_governance_file,OpenAIDatabase,OpenAIDatabase/docs/governance/TRACEABILITY_MATRIX.csv,4563,a8f0c6d9c50e8696ac7ebf45510b0611838defe6ab945f20b5775f75aaffb940,8,retain_in_place_until_reference_scan_zero_review10_owner_approval,REVIEW10_PLUS_OWNER_APPROVAL,Lean v2 replacement exists; original retained because active references may still exist.
REVIEW9-S6PAT01-LEGACY-ARCHIVE,project_v1_governance_file,OpenAIDatabase,OpenAIDatabase/docs/governance/ASSURANCE_STATUS.yaml,5489,06553e3ee3e249b47f0242e37b890c92ed12619481ccdae8ff5335460ed65148,5,retain_in_place_until_reference_scan_zero_review10_owner_approval,REVIEW10_PLUS_OWNER_APPROVAL,Lean v2 replacement exists; original retained because active references may still exist.
REVIEW9-S6PAT01-LEGACY-ARCHIVE,project_v1_governance_file,OpenAIDatabase,OpenAIDatabase/docs/governance/STATUS.md,1873,dc112e0a00d9d90d4547affd2ae876eda268ebbefa98aabd33a3bdcf1478c2cc,5,retain_in_place_until_reference_scan_zero_review10_owner_approval,REVIEW10_PLUS_OWNER_APPROVAL,Lean v2 replacement exists; original retained because active references may still exist.
REVIEW9-S6PAT01-LEGACY-ARCHIVE,project_v1_governance_file,OpenAIDatabase,OpenAIDatabase/docs/governance/OWNER_STATUS.md,4301,202a348ac7a14f2f161839ef78ba461e6174e91515afbef08680216be55d967a,7,retain_in_place_until_reference_scan_zero_review10_owner_approval,REVIEW10_PLUS_OWNER_APPROVAL,Lean v2 replacement exists; original retained because active references may still exist.
REVIEW9-S6PAT01-LEGACY-ARCHIVE,project_v1_governance_file,OpenAIDatabase,OpenAIDatabase/VERSION,6,1f930dd1f133c1f97a94fe3acb8db34372cf4c01ffdb2b3ff4ca72f9494121e9,3,retain_in_place_until_reference_scan_zero_review10_owner_approval,REVIEW10_PLUS_OWNER_APPROVAL,Lean v2 replacement exists; original retained because active references may still exist.
REVIEW9-S6PAT01-LEGACY-ARCHIVE,project_v1_governance_file,OpenAIDatabase,OpenAIDatabase/CHANGELOG.md,1095,cec6358762894ee65cebc69b1942b4f0eb991f5997c386402177777f0d7da3ce,5,retain_in_place_until_reference_scan_zero_review10_owner_approval,REVIEW10_PLUS_OWNER_APPROVAL,Lean v2 replacement exists; original retained because active references may still exist.
REVIEW9-S6PAT01-LEGACY-ARCHIVE,project_v1_governance_file,PFI_BIG_DATA_SIMULATOR,PFI/大数据模拟器/docs/governance/MODEL_SPEC.md,30765,1dab436772226989f3fe65c98caefbd97a5d8af394d7a95438b1ba73bd9d821f,61,retain_in_place_until_reference_scan_zero_review10_owner_approval,REVIEW10_PLUS_OWNER_APPROVAL,Lean v2 replacement exists; original retained because active references may still exist.
REVIEW9-S6PAT01-LEGACY-ARCHIVE,project_v1_governance_file,PFI_BIG_DATA_SIMULATOR,PFI/大数据模拟器/docs/governance/model_registry.yaml,42047,6f6f18c3e0aa95056c682bbe08661e5f41cbe8d6b1908ba8567a308d5f4b3140,31,retain_in_place_until_reference_scan_zero_review10_owner_approval,REVIEW10_PLUS_OWNER_APPROVAL,Lean v2 replacement exists; original retained because active references may still exist.
REVIEW9-S6PAT01-LEGACY-ARCHIVE,project_v1_governance_file,PFI_BIG_DATA_SIMULATOR,PFI/大数据模拟器/docs/governance/formula_registry.yaml,51279,1853ef5a5b3b6187c88b3a9feab0a59277b47a304cb87054ce761d4219c0c6bb,23,retain_in_place_until_reference_scan_zero_review10_owner_approval,REVIEW10_PLUS_OWNER_APPROVAL,Lean v2 replacement exists; original retained because active references may still exist.
REVIEW9-S6PAT01-LEGACY-ARCHIVE,project_v1_governance_file,PFI_BIG_DATA_SIMULATOR,PFI/大数据模拟器/docs/governance/parameter_registry.csv,150219,4fe641861c3b611b8ce9c84132ee271f0284974d02bdbd2ee2f1ba14051bd3db,238,retain_in_place_until_reference_scan_zero_review10_owner_approval,REVIEW10_PLUS_OWNER_APPROVAL,Lean v2 replacement exists; original retained because active references may still exist.
REVIEW9-S6PAT01-LEGACY-ARCHIVE,project_v1_governance_file,PFI_BIG_DATA_SIMULATOR,PFI/大数据模拟器/docs/governance/DEVELOPMENT_LEDGER.md,7742,77650ade55068eee27c6f9317c7650fd183e591ae73bde897ccf60e8bbfe6db2,4,retain_in_place_until_reference_scan_zero_review10_owner_approval,REVIEW10_PLUS_OWNER_APPROVAL,Lean v2 replacement exists; original retained because active references may still exist.
REVIEW9-S6PAT01-LEGACY-ARCHIVE,project_v1_governance_file,PFI_BIG_DATA_SIMULATOR,PFI/大数据模拟器/docs/governance/development_events.jsonl,10328,6917ccda405b4ef8cd5d17733ea5a4faa96037a9b08862f66d41fd6dc455dc85,8,retain_in_place_until_reference_scan_zero_review10_owner_approval,REVIEW10_PLUS_OWNER_APPROVAL,Lean v2 replacement exists; original retained because active references may still exist.
REVIEW9-S6PAT01-LEGACY-ARCHIVE,project_v1_governance_file,PFI_BIG_DATA_SIMULATOR,PFI/大数据模拟器/docs/governance/DELIVERY_PLAN.md,1003,3cef5626eff89987347822985369e50b06b743109ec62480a7769e44178c5a53,3,retain_in_place_until_reference_scan_zero_review10_owner_approval,REVIEW10_PLUS_OWNER_APPROVAL,Lean v2 replacement exists; original retained because active references may still exist.
REVIEW9-S6PAT01-LEGACY-ARCHIVE,project_v1_governance_file,PFI_BIG_DATA_SIMULATOR,PFI/大数据模拟器/docs/governance/delivery_tasks.yaml,23738,f64471da6604b19dc8b984ef8b8dfcc09a090bdbbaa9b52d45c528ad4f931797,12,retain_in_place_until_reference_scan_zero_review10_owner_approval,REVIEW10_PLUS_OWNER_APPROVAL,Lean v2 replacement exists; original retained because active references may still exist.
REVIEW9-S6PAT01-LEGACY-ARCHIVE,project_v1_governance_file,PFI_BIG_DATA_SIMULATOR,PFI/大数据模拟器/docs/governance/VERSION_MATRIX.yaml,939,31bfb0018202b41e63ed10b39783f5c1d9ed06c28ae763002a58c8510a1fce5b,6,retain_in_place_until_reference_scan_zero_review10_owner_approval,REVIEW10_PLUS_OWNER_APPROVAL,Lean v2 replacement exists; original retained because active references may still exist.
REVIEW9-S6PAT01-LEGACY-ARCHIVE,project_v1_governance_file,PFI_BIG_DATA_SIMULATOR,PFI/大数据模拟器/docs/governance/TRACEABILITY_MATRIX.csv,4115,b67d476272113732a2988418614f156e59833c8e8513e5685f525fbfdad1ecb0,3,retain_in_place_until_reference_scan_zero_review10_owner_approval,REVIEW10_PLUS_OWNER_APPROVAL,Lean v2 replacement exists; original retained because active references may still exist.
REVIEW9-S6PAT01-LEGACY-ARCHIVE,project_v1_governance_file,PFI_BIG_DATA_SIMULATOR,PFI/大数据模拟器/docs/governance/ASSURANCE_STATUS.yaml,5588,284dca2fded3dcd6b0afe5f1bd3eb10b5c49472f9d09ac1fa741e54eb14ff729,5,retain_in_place_until_reference_scan_zero_review10_owner_approval,REVIEW10_PLUS_OWNER_APPROVAL,Lean v2 replacement exists; original retained because active references may still exist.
REVIEW9-S6PAT01-LEGACY-ARCHIVE,project_v1_governance_file,PFI_BIG_DATA_SIMULATOR,PFI/大数据模拟器/docs/governance/STATUS.md,1961,bb7ea2014d6851a4a999e02a9c5496da3d48e39c1004709058a04d26c73cab6a,4,retain_in_place_until_reference_scan_zero_review10_owner_approval,REVIEW10_PLUS_OWNER_APPROVAL,Lean v2 replacement exists; original retained because active references may still exist.
REVIEW9-S6PAT01-LEGACY-ARCHIVE,project_v1_governance_file,PFI_BIG_DATA_SIMULATOR,PFI/大数据模拟器/docs/governance/OWNER_STATUS.md,4351,f46dff4fe7c53e478378f3c25180f372922686747f95c6d0be6f4f681e0c1aa7,6,retain_in_place_until_reference_scan_zero_review10_owner_approval,REVIEW10_PLUS_OWNER_APPROVAL,Lean v2 replacement exists; original retained because active references may still exist.
REVIEW9-S6PAT01-LEGACY-ARCHIVE,project_v1_governance_file,PFI_BIG_DATA_SIMULATOR,PFI/大数据模拟器/VERSION,6,e9dd8507f4bf0c6f42458e41aea833ad0bd3f6127272335eee9bf4d58541ed67,1,retain_in_place_until_reference_scan_zero_review10_owner_approval,REVIEW10_PLUS_OWNER_APPROVAL,Lean v2 replacement exists; original retained because active references may still exist.
REVIEW9-S6PAT01-LEGACY-ARCHIVE,project_v1_governance_file,PFI_BIG_DATA_SIMULATOR,PFI/大数据模拟器/CHANGELOG.md,695,83d05a593dfe1b1925d075c8eb8ec5246fa908f6ec77eb83b113020d25591c98,1,retain_in_place_until_reference_scan_zero_review10_owner_approval,REVIEW10_PLUS_OWNER_APPROVAL,Lean v2 replacement exists; original retained because active references may still exist.
REVIEW9-S6PAT01-LEGACY-ARCHIVE,project_v1_governance_file,Serenity-Alipay,Serenity-Alipay/docs/governance/MODEL_SPEC.md,10463,357f5802260bef2162322c417dc26e21e986635cbcae781841090039c26a816a,6,retain_in_place_until_reference_scan_zero_review10_owner_approval,REVIEW10_PLUS_OWNER_APPROVAL,Lean v2 replacement exists; original retained because active references may still exist.
REVIEW9-S6PAT01-LEGACY-ARCHIVE,project_v1_governance_file,Serenity-Alipay,Serenity-Alipay/docs/governance/model_registry.yaml,8248,f196f16566646d27761dadc85615edcf6b93d91b12c14c8230c16a0d596a1d3c,12,retain_in_place_until_reference_scan_zero_review10_owner_approval,REVIEW10_PLUS_OWNER_APPROVAL,Lean v2 replacement exists; original retained because active references may still exist.
REVIEW9-S6PAT01-LEGACY-ARCHIVE,project_v1_governance_file,Serenity-Alipay,Serenity-Alipay/docs/governance/formula_registry.yaml,23667,fe328889aac8ca127d17bdc21e68f0a538fa46bb5d51168d1b14c3a8b957655e,55,retain_in_place_until_reference_scan_zero_review10_owner_approval,REVIEW10_PLUS_OWNER_APPROVAL,Lean v2 replacement exists; original retained because active references may still exist.
REVIEW9-S6PAT01-LEGACY-ARCHIVE,project_v1_governance_file,Serenity-Alipay,Serenity-Alipay/docs/governance/parameter_registry.csv,31702,e3e16b269f11e8712c64257268dd69c62ec95637f1b28e9b29044f0c5c283289,20,retain_in_place_until_reference_scan_zero_review10_owner_approval,REVIEW10_PLUS_OWNER_APPROVAL,Lean v2 replacement exists; original retained because active references may still exist.
REVIEW9-S6PAT01-LEGACY-ARCHIVE,project_v1_governance_file,Serenity-Alipay,Serenity-Alipay/docs/governance/DEVELOPMENT_LEDGER.md,8466,d1a8ae5745209238dfa4cc952c05439cff1d5851d810b0ef01dc512a9bd747b6,15,retain_in_place_until_reference_scan_zero_review10_owner_approval,REVIEW10_PLUS_OWNER_APPROVAL,Lean v2 replacement exists; original retained because active references may still exist.
REVIEW9-S6PAT01-LEGACY-ARCHIVE,project_v1_governance_file,Serenity-Alipay,Serenity-Alipay/docs/governance/development_events.jsonl,9394,b99a9e9229b4a02f44e53b3ee3f251bcf1ad82e7bcf230e94a8d2d938ca69a07,16,retain_in_place_until_reference_scan_zero_review10_owner_approval,REVIEW10_PLUS_OWNER_APPROVAL,Lean v2 replacement exists; original retained because active references may still exist.
REVIEW9-S6PAT01-LEGACY-ARCHIVE,project_v1_governance_file,Serenity-Alipay,Serenity-Alipay/docs/governance/DELIVERY_PLAN.md,2971,482cc59b3d3fb3ccae7b27cd442773109c60341042f86b0dc7636402e7dfefa6,4,retain_in_place_until_reference_scan_zero_review10_owner_approval,REVIEW10_PLUS_OWNER_APPROVAL,Lean v2 replacement exists; original retained because active references may still exist.
REVIEW9-S6PAT01-LEGACY-ARCHIVE,project_v1_governance_file,Serenity-Alipay,Serenity-Alipay/docs/governance/delivery_tasks.yaml,9930,5898b4d058d4c1b76be13d0cd862608ba7c4d749f05da9e23c839bf69c0bf5ac,10,retain_in_place_until_reference_scan_zero_review10_owner_approval,REVIEW10_PLUS_OWNER_APPROVAL,Lean v2 replacement exists; original retained because active references may still exist.
REVIEW9-S6PAT01-LEGACY-ARCHIVE,project_v1_governance_file,Serenity-Alipay,Serenity-Alipay/docs/governance/VERSION_MATRIX.yaml,738,ff0d9878271460b9876f37ebea6a2268bbaa524ee5252eba851d859a1d8e1baf,3,retain_in_place_until_reference_scan_zero_review10_owner_approval,REVIEW10_PLUS_OWNER_APPROVAL,Lean v2 replacement exists; original retained because active references may still exist.
REVIEW9-S6PAT01-LEGACY-ARCHIVE,project_v1_governance_file,Serenity-Alipay,Serenity-Alipay/docs/governance/TRACEABILITY_MATRIX.csv,3967,8fd8b7aabb0cf3bd7ae81fcf7d89a5bfe4187815d082ddc50fd8ad89ef271c59,5,retain_in_place_until_reference_scan_zero_review10_owner_approval,REVIEW10_PLUS_OWNER_APPROVAL,Lean v2 replacement exists; original retained because active references may still exist.
REVIEW9-S6PAT01-LEGACY-ARCHIVE,project_v1_governance_file,Serenity-Alipay,Serenity-Alipay/docs/governance/ASSURANCE_STATUS.yaml,5390,b650514e1b93327e1d8823c2064bf9296257d1595dac9558f5ceaf109c7bc113,3,retain_in_place_until_reference_scan_zero_review10_owner_approval,REVIEW10_PLUS_OWNER_APPROVAL,Lean v2 replacement exists; original retained because active references may still exist.
REVIEW9-S6PAT01-LEGACY-ARCHIVE,project_v1_governance_file,Serenity-Alipay,Serenity-Alipay/docs/governance/STATUS.md,1883,15ae0d3c8b4dc64b9eaec9cfe899efe2933265aa412ccd3d36aba86e39b62b40,4,retain_in_place_until_reference_scan_zero_review10_owner_approval,REVIEW10_PLUS_OWNER_APPROVAL,Lean v2 replacement exists; original retained because active references may still exist.
REVIEW9-S6PAT01-LEGACY-ARCHIVE,project_v1_governance_file,Serenity-Alipay,Serenity-Alipay/docs/governance/OWNER_STATUS.md,4376,94f1ae59b8fab79bf795cb45c66547e874d729b2696a4caa077e82e62ef1f851,3,retain_in_place_until_reference_scan_zero_review10_owner_approval,REVIEW10_PLUS_OWNER_APPROVAL,Lean v2 replacement exists; original retained because active references may still exist.
REVIEW9-S6PAT01-LEGACY-ARCHIVE,project_v1_governance_file,Serenity-Alipay,Serenity-Alipay/VERSION,6,e9dd8507f4bf0c6f42458e41aea833ad0bd3f6127272335eee9bf4d58541ed67,1,retain_in_place_until_reference_scan_zero_review10_owner_approval,REVIEW10_PLUS_OWNER_APPROVAL,Lean v2 replacement exists; original retained because active references may still exist.
REVIEW9-S6PAT01-LEGACY-ARCHIVE,project_v1_governance_file,Serenity-Alipay,Serenity-Alipay/CHANGELOG.md,1098,966f7fb479f7a14aaf10c1f5484b412415903b458faebb944c8484af7de2c89f,3,retain_in_place_until_reference_scan_zero_review10_owner_approval,REVIEW10_PLUS_OWNER_APPROVAL,Lean v2 replacement exists; original retained because active references may still exist.
REVIEW9-S6PAT01-LEGACY-ARCHIVE,project_v1_governance_file,whkmSalary,whkmSalary/docs/governance/MODEL_SPEC.md,2944,ebe41438f881bbe08f88dc1929681c3018242854a0ef4bb7ff179c24cd75194e,7,retain_in_place_until_reference_scan_zero_review10_owner_approval,REVIEW10_PLUS_OWNER_APPROVAL,Lean v2 replacement exists; original retained because active references may still exist.
REVIEW9-S6PAT01-LEGACY-ARCHIVE,project_v1_governance_file,whkmSalary,whkmSalary/docs/governance/model_registry.yaml,3834,3dc10e7102badffc4e7660639ebc1db78b17934bf090769fd9c5c0ddb56ed182,2,retain_in_place_until_reference_scan_zero_review10_owner_approval,REVIEW10_PLUS_OWNER_APPROVAL,Lean v2 replacement exists; original retained because active references may still exist.
REVIEW9-S6PAT01-LEGACY-ARCHIVE,project_v1_governance_file,whkmSalary,whkmSalary/docs/governance/formula_registry.yaml,14108,a6b18f7f5e7ebc77fd75f3846d325f2daa3764f357650c9e753cb3112c78f487,8,retain_in_place_until_reference_scan_zero_review10_owner_approval,REVIEW10_PLUS_OWNER_APPROVAL,Lean v2 replacement exists; original retained because active references may still exist.
REVIEW9-S6PAT01-LEGACY-ARCHIVE,project_v1_governance_file,whkmSalary,whkmSalary/docs/governance/parameter_registry.csv,55501,eae60168547f34f6bf0c47717b65fe0ec927a3b20fdadf5a6943fa3ef62a8822,92,retain_in_place_until_reference_scan_zero_review10_owner_approval,REVIEW10_PLUS_OWNER_APPROVAL,Lean v2 replacement exists; original retained because active references may still exist.
REVIEW9-S6PAT01-LEGACY-ARCHIVE,project_v1_governance_file,whkmSalary,whkmSalary/docs/governance/DEVELOPMENT_LEDGER.md,3642,8c6d03860440f542536bda2a5fa40d356bfd0d9afeadc062b58333b3623488f9,4,retain_in_place_until_reference_scan_zero_review10_owner_approval,REVIEW10_PLUS_OWNER_APPROVAL,Lean v2 replacement exists; original retained because active references may still exist.
REVIEW9-S6PAT01-LEGACY-ARCHIVE,project_v1_governance_file,whkmSalary,whkmSalary/docs/governance/development_events.jsonl,9689,451f2a918925e9609aa6d5b1fd3b1b83d3f343eb724ba1bd1816b91b9af657b1,8,retain_in_place_until_reference_scan_zero_review10_owner_approval,REVIEW10_PLUS_OWNER_APPROVAL,Lean v2 replacement exists; original retained because active references may still exist.
REVIEW9-S6PAT01-LEGACY-ARCHIVE,project_v1_governance_file,whkmSalary,whkmSalary/docs/governance/DELIVERY_PLAN.md,556,402f2fad9c766191aa2c11b9887774753b1588df328cf01c1bb45cf096b81d6a,2,retain_in_place_until_reference_scan_zero_review10_owner_approval,REVIEW10_PLUS_OWNER_APPROVAL,Lean v2 replacement exists; original retained because active references may still exist.
REVIEW9-S6PAT01-LEGACY-ARCHIVE,project_v1_governance_file,whkmSalary,whkmSalary/docs/governance/delivery_tasks.yaml,6283,8108888413d819c60cf2b721b46436831287e31a7358fe5cce59268aba66826e,11,retain_in_place_until_reference_scan_zero_review10_owner_approval,REVIEW10_PLUS_OWNER_APPROVAL,Lean v2 replacement exists; original retained because active references may still exist.
REVIEW9-S6PAT01-LEGACY-ARCHIVE,project_v1_governance_file,whkmSalary,whkmSalary/docs/governance/VERSION_MATRIX.yaml,720,3ba22b1a81194358dba29fd42f0256ae5b922513213cb2176713c726e9c19c6a,4,retain_in_place_until_reference_scan_zero_review10_owner_approval,REVIEW10_PLUS_OWNER_APPROVAL,Lean v2 replacement exists; original retained because active references may still exist.
REVIEW9-S6PAT01-LEGACY-ARCHIVE,project_v1_governance_file,whkmSalary,whkmSalary/docs/governance/TRACEABILITY_MATRIX.csv,19137,173818c855d7791b0d6c825ed9e119b9e8653317af9d52ce5931dc42803e221a,1,retain_in_place_until_reference_scan_zero_review10_owner_approval,REVIEW10_PLUS_OWNER_APPROVAL,Lean v2 replacement exists; original retained because active references may still exist.
REVIEW9-S6PAT01-LEGACY-ARCHIVE,project_v1_governance_file,whkmSalary,whkmSalary/docs/governance/ASSURANCE_STATUS.yaml,5617,a1dce111ff06bc116ca597805933b5884df746bcc3cd048e123596ac675b1e87,5,retain_in_place_until_reference_scan_zero_review10_owner_approval,REVIEW10_PLUS_OWNER_APPROVAL,Lean v2 replacement exists; original retained because active references may still exist.
REVIEW9-S6PAT01-LEGACY-ARCHIVE,project_v1_governance_file,whkmSalary,whkmSalary/docs/governance/STATUS.md,1830,a89947cc0911203840855024991731f3d3e4709ba6b7666b7ada51aad648a999,6,retain_in_place_until_reference_scan_zero_review10_owner_approval,REVIEW10_PLUS_OWNER_APPROVAL,Lean v2 replacement exists; original retained because active references may still exist.
REVIEW9-S6PAT01-LEGACY-ARCHIVE,project_v1_governance_file,whkmSalary,whkmSalary/docs/governance/OWNER_STATUS.md,4444,b204e16cfc8e9678726483d04cd7c8c803e8cda6df6565c8873f662da0f7c67c,6,retain_in_place_until_reference_scan_zero_review10_owner_approval,REVIEW10_PLUS_OWNER_APPROVAL,Lean v2 replacement exists; original retained because active references may still exist.
REVIEW9-S6PAT01-LEGACY-ARCHIVE,project_v1_governance_file,whkmSalary,whkmSalary/VERSION,6,f7af902eefb89f3a2216d798078294bb927e71c64bad70551f80effabd375875,1,retain_in_place_until_reference_scan_zero_review10_owner_approval,REVIEW10_PLUS_OWNER_APPROVAL,Lean v2 replacement exists; original retained because active references may still exist.
REVIEW9-S6PAT01-LEGACY-ARCHIVE,project_v1_governance_file,whkmSalary,whkmSalary/CHANGELOG.md,388,78011877f8abe93e1250d9e0dba0d6ca3b2d08794d9d56b9b6025dbf31d9b88f,1,retain_in_place_until_reference_scan_zero_review10_owner_approval,REVIEW10_PLUS_OWNER_APPROVAL,Lean v2 replacement exists; original retained because active references may still exist.
REVIEW9-S6PAT01-LEGACY-ARCHIVE,project_v1_governance_file,arxiv-daily-push,arxiv-daily-push/docs/governance/MODEL_SPEC.md,76123,329ff40aed0da2f85460d5bbc0e325590cfa846edfed3ae9b5ded77a4295edfd,77,retain_in_place_until_reference_scan_zero_review10_owner_approval,REVIEW10_PLUS_OWNER_APPROVAL,Lean v2 replacement exists; original retained because active references may still exist.
REVIEW9-S6PAT01-LEGACY-ARCHIVE,project_v1_governance_file,arxiv-daily-push,arxiv-daily-push/docs/governance/model_registry.yaml,95907,e09f6e4ac11072e31e1c057a1ba29b7f24262d23ec2c327b838d34733ca0d4fd,85,retain_in_place_until_reference_scan_zero_review10_owner_approval,REVIEW10_PLUS_OWNER_APPROVAL,Lean v2 replacement exists; original retained because active references may still exist.
REVIEW9-S6PAT01-LEGACY-ARCHIVE,project_v1_governance_file,arxiv-daily-push,arxiv-daily-push/docs/governance/formula_registry.yaml,159382,c801b55a686bd70bc5aa33839588be8a874a5d2e8e7a34f00f3a4f4f949caeba,86,retain_in_place_until_reference_scan_zero_review10_owner_approval,REVIEW10_PLUS_OWNER_APPROVAL,Lean v2 replacement exists; original retained because active references may still exist.
REVIEW9-S6PAT01-LEGACY-ARCHIVE,project_v1_governance_file,arxiv-daily-push,arxiv-daily-push/docs/governance/parameter_registry.csv,342911,97bcb152055817b8621a03ff53f9c340fd9c9c7d2540e90bc4afa2154064fe3c,143,retain_in_place_until_reference_scan_zero_review10_owner_approval,REVIEW10_PLUS_OWNER_APPROVAL,Lean v2 replacement exists; original retained because active references may still exist.
REVIEW9-S6PAT01-LEGACY-ARCHIVE,project_v1_governance_file,arxiv-daily-push,arxiv-daily-push/docs/governance/DEVELOPMENT_LEDGER.md,221615,25771538958ada1b7d43f4bae50331b4b4545ab7060a5ea20a3cf7bbc5d48a26,90,retain_in_place_until_reference_scan_zero_review10_owner_approval,REVIEW10_PLUS_OWNER_APPROVAL,Lean v2 replacement exists; original retained because active references may still exist.
REVIEW9-S6PAT01-LEGACY-ARCHIVE,project_v1_governance_file,arxiv-daily-push,arxiv-daily-push/docs/governance/development_events.jsonl,668503,8bb352182d069c267a6c6f92b367827a5822bb16b583de7ac74184272bb72988,16,retain_in_place_until_reference_scan_zero_review10_owner_approval,REVIEW10_PLUS_OWNER_APPROVAL,Lean v2 replacement exists; original retained because active references may still exist.
REVIEW9-S6PAT01-LEGACY-ARCHIVE,project_v1_governance_file,arxiv-daily-push,arxiv-daily-push/docs/governance/DELIVERY_PLAN.md,31367,1f184b34f7217184aa36c73f8f307ed54e9bad291a6e7d6edf576a15ee70e96b,81,retain_in_place_until_reference_scan_zero_review10_owner_approval,REVIEW10_PLUS_OWNER_APPROVAL,Lean v2 replacement exists; original retained because active references may still exist.
REVIEW9-S6PAT01-LEGACY-ARCHIVE,project_v1_governance_file,arxiv-daily-push,arxiv-daily-push/docs/governance/delivery_tasks.yaml,184309,13f7f30cc838480e558c9d827f0d2022424e37e18db78f20bf140af34ff24c7a,98,retain_in_place_until_reference_scan_zero_review10_owner_approval,REVIEW10_PLUS_OWNER_APPROVAL,Lean v2 replacement exists; original retained because active references may still exist.
REVIEW9-S6PAT01-LEGACY-ARCHIVE,project_v1_governance_file,arxiv-daily-push,arxiv-daily-push/docs/governance/VERSION_MATRIX.yaml,6650,301792aa08a2948272e1798a3018ad565b9f5168dc3499dcfd20211ec3ac62e0,93,retain_in_place_until_reference_scan_zero_review10_owner_approval,REVIEW10_PLUS_OWNER_APPROVAL,Lean v2 replacement exists; original retained because active references may still exist.
REVIEW9-S6PAT01-LEGACY-ARCHIVE,project_v1_governance_file,arxiv-daily-push,arxiv-daily-push/docs/governance/TRACEABILITY_MATRIX.csv,54449,82e4cdfcf58ac45a54fbe5de108b2964522959bc1cfa9e5045aa61bc6316cc97,81,retain_in_place_until_reference_scan_zero_review10_owner_approval,REVIEW10_PLUS_OWNER_APPROVAL,Lean v2 replacement exists; original retained because active references may still exist.
REVIEW9-S6PAT01-LEGACY-ARCHIVE,project_v1_governance_file,arxiv-daily-push,arxiv-daily-push/docs/governance/ASSURANCE_STATUS.yaml,5824,ad22ccf78be8f56fbf86e725010843af01f172b1021ec3d4d9be9292f1ca464e,40,retain_in_place_until_reference_scan_zero_review10_owner_approval,REVIEW10_PLUS_OWNER_APPROVAL,Lean v2 replacement exists; original retained because active references may still exist.
REVIEW9-S6PAT01-LEGACY-ARCHIVE,project_v1_governance_file,arxiv-daily-push,arxiv-daily-push/docs/governance/STATUS.md,1864,908235d07687afa721c8f23e95476f0c23d14a3ded7d77b552f27048695d0a9b,92,retain_in_place_until_reference_scan_zero_review10_owner_approval,REVIEW10_PLUS_OWNER_APPROVAL,Lean v2 replacement exists; original retained because active references may still exist.
REVIEW9-S6PAT01-LEGACY-ARCHIVE,project_v1_governance_file,arxiv-daily-push,arxiv-daily-push/docs/governance/OWNER_STATUS.md,5253,d719edf503bba6a1d85c0b50f8a707e7d1f9cf8a166b229dc01a878dd5178e0d,58,retain_in_place_until_reference_scan_zero_review10_owner_approval,REVIEW10_PLUS_OWNER_APPROVAL,Lean v2 replacement exists; original retained because active references may still exist.
REVIEW9-S6PAT01-LEGACY-ARCHIVE,project_v1_governance_file,arxiv-daily-push,arxiv-daily-push/VERSION,7,d1994e4942b06ec398ed7d9fa91ecce4079cd3f85ffe9e04588866291263149c,65,retain_in_place_until_reference_scan_zero_review10_owner_approval,REVIEW10_PLUS_OWNER_APPROVAL,Lean v2 replacement exists; original retained because active references may still exist.
REVIEW9-S6PAT01-LEGACY-ARCHIVE,project_v1_governance_file,arxiv-daily-push,arxiv-daily-push/CHANGELOG.md,31843,04039bdfddff6a39f027a7e2f6563f6fe9a6ae64bae53a1c6b9204dc24820b43,75,retain_in_place_until_reference_scan_zero_review10_owner_approval,REVIEW10_PLUS_OWNER_APPROVAL,Lean v2 replacement exists; original retained because active references may still exist.
REVIEW9-S6PAT01-LEGACY-ARCHIVE,root_legacy_governance_script,ROOT,scripts/generate_governance_dashboard.py,97866,e5a22414abf09bb731421a38bc9af594793681f4fc37d4613e5b742011d210a5,102,retain_in_place_until_replacement_and_owner_approval,REVIEW10_PLUS_OWNER_APPROVAL,Script remains executable while current CI/skills still reference it.
REVIEW9-S6PAT01-LEGACY-ARCHIVE,root_legacy_governance_script,ROOT,scripts/governance_setup_doctor.py,13272,ac6b5c34adab565b341425f51964e059264bedd1dca7cfb84e11104124f3b337,10,retain_in_place_until_replacement_and_owner_approval,REVIEW10_PLUS_OWNER_APPROVAL,Script remains executable while current CI/skills still reference it.
REVIEW9-S6PAT01-LEGACY-ARCHIVE,root_legacy_governance_script,ROOT,scripts/validate_ci_attestation.py,6834,f2a117c6015d9058b2d190adb442d5c708ae7a4b69852903d5a5ddaf54a67fe2,11,retain_in_place_until_replacement_and_owner_approval,REVIEW10_PLUS_OWNER_APPROVAL,Script remains executable while current CI/skills still reference it.
REVIEW9-S6PAT01-LEGACY-ARCHIVE,root_legacy_governance_script,ROOT,scripts/validate_governance_sync.py,33920,93133458fd79faf2df5b7968e7b5202c4aa37d84f3e5c3db3ba0395a3a84e4b7,22,retain_in_place_until_replacement_and_owner_approval,REVIEW10_PLUS_OWNER_APPROVAL,Script remains executable while current CI/skills still reference it.
REVIEW9-S6PAT01-LEGACY-ARCHIVE,root_legacy_governance_script,ROOT,scripts/validate_information_quality.py,22793,6090c03eb34b72468c6fd8375b42d7df7bcc59445545529267d228566f6759bf,39,retain_in_place_until_replacement_and_owner_approval,REVIEW10_PLUS_OWNER_APPROVAL,Script remains executable while current CI/skills still reference it.
REVIEW9-S6PAT01-LEGACY-ARCHIVE,root_legacy_governance_script,ROOT,scripts/validate_project_governance.py,50323,6049306283b195c14d53b2ae0b5a0da5b4a3eb317a587ef7c1877c98f25cf33d,340,retain_in_place_until_replacement_and_owner_approval,REVIEW10_PLUS_OWNER_APPROVAL,Script remains executable while current CI/skills still reference it.
REVIEW9-S6PAT01-LEGACY-ARCHIVE,root_legacy_governance_script,ROOT,scripts/validate_semantic_extractors.py,48149,566165d55742b38c9bce03d5db79493cbdf1f1fa8943803c4189ba4e6cf4cb2a,112,retain_in_place_until_replacement_and_owner_approval,REVIEW10_PLUS_OWNER_APPROVAL,Script remains executable while current CI/skills still reference it.
REVIEW9-S6PAT01-LEGACY-ARCHIVE,root_generated_or_status_view,ROOT,GOVERNANCE_DASHBOARD.md,2325,3e597102e532d7c44b27306951ec0a4c008811a084a290e5d274ebf27ee081e5,96,retain_in_place_until_s6pat02_generated_view_removal,S6PAT02_OR_REVIEW10_PLUS_OWNER_APPROVAL,Candidate for generated-view removal after reference updates.
REVIEW9-S6PAT01-LEGACY-ARCHIVE,root_generated_or_status_view,ROOT,OWNER_PORTFOLIO.md,14609,0fefca55f25519004f1eb623ecf7b858acfb5c25fc8ee783978a531148f2cfca,47,retain_in_place_until_s6pat02_generated_view_removal,S6PAT02_OR_REVIEW10_PLUS_OWNER_APPROVAL,Candidate for generated-view removal after reference updates.
REVIEW9-S6PAT01-LEGACY-ARCHIVE,root_generated_or_status_view,ROOT,governance/binding_backlog.yaml,2490,f9d0e3f7bc9bb801cc9eedb07b6b8199fd869a5dbfa927b2efa20247a21cdf1e,24,retain_in_place_until_s6pat02_generated_view_removal,S6PAT02_OR_REVIEW10_PLUS_OWNER_APPROVAL,Candidate for generated-view removal after reference updates.
